Formula,Herb,Amount
厚朴七物汤,厚朴,250.0
厚朴七物汤,甘草,90.0
厚朴七物汤,大黄,90.0
厚朴七物汤,大枣,50.0
厚朴七物汤,枳实,25.0
厚朴七物汤,桂枝,60.0
厚朴七物汤,生姜,150.0
桂枝人参汤,桂枝,120.0
桂枝人参汤,甘草,120.0
桂枝人参汤,白术,90.0
桂枝人参汤,人参,90.0
桂枝人参汤,干姜,90.0
乌头桂枝汤,乌头,25.0
乌头桂枝汤,桂枝,90.0
乌头桂枝汤,芍药,90.0
乌头桂枝汤,甘草,60.0
乌头桂枝汤,生姜,90.0
乌头桂枝汤,大枣,20.0
麻黄连翘赤小豆汤,麻黄,60.0
麻黄连翘赤小豆汤,连翘,60.0
麻黄连翘赤小豆汤,杏仁皮尖,200.0
麻黄连翘赤小豆汤,赤小豆,24.0
麻黄连翘赤小豆汤,大枣,20.0
麻黄连翘赤小豆汤,生梓白皮,24.0
麻黄连翘赤小豆汤,生姜,60.0
麻黄连翘赤小豆汤,甘草,60.0
文蛤汤,文蛤,150.0
文蛤汤,麻黄,90.0
文蛤汤,甘草,90.0
文蛤汤,生姜,90.0
文蛤汤,石膏,150.0
文蛤汤,杏仁,250.0
文蛤汤,大枣,20.0
柴胡桂枝汤,桂枝,15.0
柴胡桂枝汤,黄芩,15.0
柴胡桂枝汤,芍药,15.0
柴胡桂枝汤,人参,15.0
柴胡桂枝汤,甘草,30.0
柴胡桂枝汤,半夏,3.0
柴胡桂枝汤,大枣,20.0
柴胡桂枝汤,生姜,15.0
柴胡桂枝汤,柴胡,120.0
一物瓜蒂散,瓜蒂,100.0
文蛤散,文蛤,150.0
黄芪芍药桂枝苦酒汤,黄芪,150.0
黄芪芍药桂枝苦酒汤,芍药,90.0
黄芪芍药桂枝苦酒汤,桂枝,90.0
白虎加桂枝汤,知母,180.0
白虎加桂枝汤,石膏,500.0
白虎加桂枝汤,甘草,60.0
白虎加桂枝汤,粳米,18.0
白虎加桂枝汤,桂枝,90.0
麻黄杏仁薏苡甘草汤,麻黄,15.0
麻黄杏仁薏苡甘草汤,杏仁,5.0
麻黄杏仁薏苡甘草汤,薏苡仁,15.0
麻黄杏仁薏苡甘草汤,甘草,30.0
麻黄加术汤,麻黄,90.0
麻黄加术汤,桂枝,60.0
麻黄加术汤,甘草,30.0
麻黄加术汤,杏仁,350.0
麻黄加术汤,皮尖,350.0
麻黄加术汤,白术,120.0
桂枝二越婢一汤,桂枝,9.0
桂枝二越婢一汤,芍药,9.0
桂枝二越婢一汤,麻黄,9.0
桂枝二越婢一汤,甘草,9.0
桂枝二越婢一汤,大枣,20.0
桂枝二越婢一汤,生姜,31.0
桂枝二越婢一汤,石膏,30.0
桂枝麻黄各半汤,桂枝,38.0
桂枝麻黄各半汤,芍药,30.0
桂枝麻黄各半汤,生姜,30.0
桂枝麻黄各半汤,甘草,30.0
桂枝麻黄各半汤,麻黄,30.0
桂枝麻黄各半汤,大枣,20.0
桂枝麻黄各半汤,杏仁,120.0
桂枝二麻黄一汤,桂枝,38.5
桂枝二麻黄一汤,芍药,33.0
桂枝二麻黄一汤,麻黄,8.0
桂枝二麻黄一汤,生姜,33.0
桂枝二麻黄一汤,杏仁,80.0
桂枝二麻黄一汤,皮尖,80.0
桂枝二麻黄一汤,甘草,31.0
桂枝二麻黄一汤,大枣,20.0
逍遥散,甘草,15.0
逍遥散,当归,30.0
逍遥散,茯苓,30.0
逍遥散,白芍,30.0
逍遥散,白术,30.0
逍遥散,柴胡,30.0
逍遥散,薄荷,20.0
膈下逐瘀汤,五灵脂,6.0
膈下逐瘀汤,川芎,6.0
膈下逐瘀汤,桃仁,15.0
膈下逐瘀汤,红花,15.0
膈下逐瘀汤,生地,12.0
膈下逐瘀汤,当归,6.0
膈下逐瘀汤,赤芍,6.0
膈下逐瘀汤,枳壳,6.0
膈下逐瘀汤,桔梗,6.0
膈下逐瘀汤,甘草,6.0
膈下逐瘀汤,柴胡,3.0
膈下逐瘀汤,玄参,3.0
金锁固精丸,沙苑,60.0
金锁固精丸,蒺藜,60.0
金锁固精丸,芡实,60.0
金锁固精丸,莲须,60.0
金锁固精丸,龙骨酥,30.0
金锁固精丸,牡蛎,30.0
茯苓杏仁甘草汤,茯苓,90.0
茯苓杏仁甘草汤,杏仁,250.0
茯苓杏仁甘草汤,甘草,30.0
枳实薤白桂枝汤,枳实,20.0
枳实薤白桂枝汤,厚朴,120.0
枳实薤白桂枝汤,薤白,250.0
枳实薤白桂枝汤,桂枝,30.0
枳实薤白桂枝汤,栝楼实,5.0
三物白散,桔梗,0.8999999999999999
三物白散,巴豆,0.3
三物白散,皮尖,0.3
三物白散,熬黑,0.3
三物白散,贝母,0.8999999999999999
葶苈丸,葶苈子,1000.0
杏子汤,杏仁,150.0
泽漆汤,半夏,12.0
泽漆汤,紫参,150.0
泽漆汤,泽漆,1500.0
泽漆汤,生姜,150.0
泽漆汤,白前,150.0
泽漆汤,甘草,90.0
泽漆汤,黄芩,90.0
泽漆汤,人参,90.0
泽漆汤,桂枝,90.0
四逆汤,附子,20.0
四逆汤,干姜,15.0
四逆汤,甘草,20.0
生脉散,麦门冬,20.0
生脉散,人参,20.0
生脉散,五味子,20.0
六神散,人参,20.0
六神散,白茯苓,20.0
六神散,干山药,20.0
六神散,白术,20.0
六神散,白扁豆,20.0
六神散,甘草,20.0
七味白术散,人参,7.5
七味白术散,白茯苓,20.0
七味白术散,白术,15.0
七味白术散,藿香叶,15.0
七味白术散,木香,6.0
七味白术散,甘草,3.0
七味白术散,葛根,20.0
资生丸,人参,20.0
资生丸,白术,90.0
资生丸,白茯苓,20.0
资生丸,广陈皮,20.0
资生丸,山楂,20.0
资生丸,甘草,20.0
资生丸,怀山药,20.0
资生丸,川黄连,20.0
资生丸,薏苡仁,20.0
资生丸,白扁豆,20.0
资生丸,白豆蔻仁,20.0
资生丸,藿香叶,20.0
资生丸,莲肉,20.0
资生丸,泽泻,20.0
资生丸,桔梗,20.0
资生丸,米泔,20.0
资生丸,芡实粉,20.0
资生丸,麦芽,20.0
玉屏风散,防风,30.0
玉屏风散,黄芪蜜,60.0
玉屏风散,白术,60.0
升阳益胃汤,黄芪,60.0
升阳益胃汤,半夏,30.0
升阳益胃汤,人参,30.0
升阳益胃汤,甘草,30.0
升阳益胃汤,独活,15.0
升阳益胃汤,防风,15.0
升阳益胃汤,白芍,15.0
升阳益胃汤,羌活,15.0
升阳益胃汤,陈皮,12.0
升阳益胃汤,茯苓,9.0
升阳益胃汤,柴胡,9.0
升阳益胃汤,泽泻,9.0
升阳益胃汤,白术,9.0
升阳益胃汤,黄连,3.0
补中益气汤,黄芪,3.0
补中益气汤,甘草,1.5
补中益气汤,人参,0.8999999999999999
补中益气汤,当归,0.6
补中益气汤,橘皮,1.5
补中益气汤,升麻,1.5
补中益气汤,柴胡,1.5
补中益气汤,白术,0.8999999999999999
炙甘草汤,甘草,120.0
炙甘草汤,生姜,90.0
炙甘草汤,人参,60.0
炙甘草汤,生地黄,500.0
炙甘草汤,桂枝,90.0
炙甘草汤,阿胶,60.0
炙甘草汤,麦门冬,12.0
炙甘草汤,麻仁,12.0
炙甘草汤,大枣,150.0
拯阳理劳汤,人参,6.0
拯阳理劳汤,黄芪,6.0
拯阳理劳汤,白术,3.0
拯阳理劳汤,当归,3.0
拯阳理劳汤,陈皮,3.0
拯阳理劳汤,五味子,1.2
拯阳理劳汤,肉桂,2.1
拯阳理劳汤,甘草,1.5
拯阳理劳汤,生姜,20.0
拯阳理劳汤,红枣,20.0
保元汤,人参,3.0
保元汤,黄芪,9.0
保元汤,甘草,3.0
保元汤,肉桂,2.1
独参汤,人参,60.0
香砂六君子汤,人参,3.0
香砂六君子汤,白术,6.0
香砂六君子汤,茯苓,6.0
香砂六君子汤,甘草,2.1
香砂六君子汤,陈皮,2.4
香砂六君子汤,半夏,3.0
香砂六君子汤,木香,2.1
香砂六君子汤,砂仁,2.4
香砂六君子汤,生姜,6.0
异功散,人参,6.0
异功散,白术,6.0
异功散,茯苓,6.0
异功散,甘草,6.0
异功散,陈皮,6.0
六君子汤,人参,3.0
六君子汤,白术,4.5
六君子汤,茯苓,3.0
六君子汤,甘草,3.0
六君子汤,陈皮,3.0
六君子汤,半夏,4.5
六君子汤,大枣,20.0
六君子汤,生姜,20.0
四君子汤,人参,9.0
四君子汤,白术,9.0
四君子汤,茯苓,9.0
四君子汤,甘草,6.0
大青龙汤,麻黄,180.0
大青龙汤,桂枝,60.0
大青龙汤,甘草,60.0
大青龙汤,杏仁,12.0
大青龙汤,石膏,18.0
大青龙汤,鸡子大,18.0
大青龙汤,生姜,90.0
大青龙汤,大枣,60.0
小青龙汤,麻黄,20.0
小青龙汤,芍药,90.0
小青龙汤,干姜,90.0
小青龙汤,甘草,20.0
小青龙汤,桂枝,6.0
小青龙汤,五味子,12.0
小青龙汤,半夏,20.0
泻白散,地骨皮,30.0
泻白散,桑白皮,30.0
泻白散,甘草,3.0
旋覆代赭汤,旋覆花,90.0
旋覆代赭汤,人参,60.0
旋覆代赭汤,生姜,150.0
旋覆代赭汤,代赭石,30.0
旋覆代赭汤,甘草,90.0
旋覆代赭汤,半夏,12.0
旋覆代赭汤,大枣,60.0
血府逐瘀汤,桃仁,12.0
血府逐瘀汤,红花,9.0
血府逐瘀汤,当归,9.0
血府逐瘀汤,生地黄,9.0
血府逐瘀汤,川芎,1.5
血府逐瘀汤,赤芍,6.0
血府逐瘀汤,牛膝,9.0
血府逐瘀汤,桔梗,1.5
血府逐瘀汤,柴胡,3.0
血府逐瘀汤,枳壳,6.0
血府逐瘀汤,甘草,3.0
小蓟饮子,生地黄,120.0
小蓟饮子,小蓟,15.0
小蓟饮子,滑石,15.0
小蓟饮子,蒲黄,15.0
小蓟饮子,藕节,15.0
小蓟饮子,淡竹叶,15.0
小蓟饮子,当归酒,15.0
小蓟饮子,山栀子,15.0
小蓟饮子,木通,15.0
小蓟饮子,甘草,15.0
消风散,当归,3.0
消风散,生地黄,3.0
消风散,防风,3.0
消风散,蝉蜕,3.0
消风散,知母,3.0
消风散,苦参,3.0
消风散,胡麻仁,3.0
消风散,荆芥,3.0
消风散,苍术,3.0
消风散,牛蒡子,3.0
消风散,石膏,3.0
消风散,甘草,1.5
消风散,木通,1.5
小柴胡汤,柴胡,250.0
小柴胡汤,黄芩,90.0
小柴胡汤,人参,90.0
小柴胡汤,半夏,20.0
小柴胡汤,甘草,20.0
小柴胡汤,生姜,20.0
小柴胡汤,大枣,20.0
小陷胸汤,黄连,30.0
小陷胸汤,半夏,12.0
小陷胸汤,瓜蒌实大者,5.0
阳和汤,熟地黄,30.0
阳和汤,白芥子,6.0
阳和汤,鹿角胶,9.0
阳和汤,肉桂,3.0
阳和汤,麻黄,1.5
阳和汤,姜炭,1.5
阳和汤,生甘草,3.0
杏苏散,苏叶,20.0
杏苏散,杏仁,20.0
杏苏散,半夏,20.0
杏苏散,茯苓,20.0
杏苏散,前胡,20.0
杏苏散,陈皮,20.0
杏苏散,桔梗,20.0
杏苏散,枳壳,20.0
杏苏散,甘草,20.0
杏苏散,生姜,20.0
杏苏散,大枣,20.0
桑杏汤,桑叶,20.0
桑杏汤,杏仁,4.5
桑杏汤,沙参,6.0
桑杏汤,象贝,3.0
桑杏汤,香豉,3.0
桑杏汤,栀皮,3.0
桑杏汤,梨皮,3.0
玉女煎,石膏,15.0
玉女煎,熟地黄,45.0
玉女煎,麦冬,6.0
玉女煎,知母牛膝,1.5
金匮肾气丸,干地黄,20.0
金匮肾气丸,山茱萸,20.0
金匮肾气丸,山药,20.0
金匮肾气丸,泽泻,20.0
金匮肾气丸,茯苓,20.0
金匮肾气丸,牡丹皮,20.0
金匮肾气丸,桂枝,20.0
金匮肾气丸,附子,20.0
银翘散,金银花,30.0
银翘散,连翘,30.0
银翘散,桔梗,18.0
银翘散,薄荷,18.0
银翘散,竹叶,12.0
银翘散,生甘草,15.0
银翘散,荆芥穗,12.0
银翘散,淡豆豉,15.0
银翘散,牛蒡子,18.0
茵陈蒿汤,茵陈,180.0
茵陈蒿汤,栀子,70.0
茵陈蒿汤,大黄,60.0
紫雪,石膏,20.0
紫雪,寒水石,20.0
紫雪,滑石,20.0
紫雪,磁石,20.0
紫雪,千克,150.0
紫雪,犀角屑,150.0
紫雪,羚羊角屑,150.0
紫雪,沉香,150.0
紫雪,青木香,150.0
紫雪,玄参,500.0
紫雪,升麻,500.0
紫雪,甘草,240.0
紫雪,丁香,30.0
紫雪,芒硝制,20.0
紫雪,硝石精制,96.0
紫雪,麝香,1.5
紫雪,朱砂飞,90.0
紫雪,黄金,20.0
朱砂安神丸,朱砂,15.0
朱砂安神丸,水飞为衣,18.0
朱砂安神丸,黄连,18.0
朱砂安神丸,甘草,7.5
朱砂安神丸,生地黄,1.5
朱砂安神丸,当归,3.0
至宝丹,生乌犀屑,30.0
至宝丹,朱砂,30.0
至宝丹,雄黄,30.0
至宝丹,生玳瑁屑,30.0
至宝丹,琥珀,30.0
至宝丹,麝香,0.3
至宝丹,龙脑,0.3
至宝丹,金箔半,1500.0
至宝丹,半为衣银箔,1500.0
至宝丹,牛黄,15.0
至宝丹,安息香,15.0
至宝丹,为末,30.0
至宝丹,以无灰酒搅,30.0
至宝丹,飞过,30.0
至宝丹,沙土,30.0
至宝丹,约得,30.0
至宝丹,慢火熬成膏,20.0
白虎汤,石膏,20.0
白虎汤,知母,180.0
白虎汤,甘草,20.0
白虎汤,粳米,18.0
桂枝汤,桂枝,20.0
桂枝汤,芍药,90.0
桂枝汤,甘草,20.0
桂枝汤,生姜,20.0
桂枝汤,大枣,20.0
泻心汤,大黄,60.0
泻心汤,黄连,30.0
泻心汤,黄芩,30.0
止嗽散,桔梗,90.0
止嗽散,荆芥,90.0
止嗽散,紫菀,90.0
止嗽散,百部,90.0
止嗽散,白前,90.0
止嗽散,甘草,30.0
止嗽散,陈皮,45.0
镇肝熄风汤,怀牛膝,30.0
镇肝熄风汤,生赭石,30.0
镇肝熄风汤,生龙骨,15.0
镇肝熄风汤,生牡蛎,15.0
镇肝熄风汤,生龟甲,15.0
镇肝熄风汤,生杭芍,15.0
镇肝熄风汤,玄参,15.0
镇肝熄风汤,天冬,15.0
镇肝熄风汤,川楝子,6.0
镇肝熄风汤,生麦芽,6.0
镇肝熄风汤,茵陈,6.0
镇肝熄风汤,甘草,1.5
羌活胜湿汤,羌活,3.0
羌活胜湿汤,独活,3.0
羌活胜湿汤,藁本,1.5
羌活胜湿汤,防风,1.5
羌活胜湿汤,甘草,1.5
羌活胜湿汤,川芎,1.5
羌活胜湿汤,蔓荆子,0.8999999999999999
真武汤,茯苓,90.0
真武汤,白芍,90.0
真武汤,白术,60.0
真武汤,生姜,90.0
真武汤,炮附子,5.0
生肌散,石膏,30.0
生肌散,轻粉,30.0
生肌散,赤石脂,30.0
生肌散,黄丹,6.0
生肌散,龙骨,9.0
生肌散,血竭,9.0
生肌散,樟脑,9.0
黑虎丹,灵磁石,4.5
黑虎丹,母丁香,3.0
黑虎丹,公丁香,3.0
黑虎丹,全蝎,4.5
黑虎丹,只约,4.5
黑虎丹,僵蚕,2.1
黑虎丹,甲片,9.0
黑虎丹,蜈蚣,6.0
黑虎丹,蜘蛛,1.5
黑虎丹,麝香,1.5
黑虎丹,牛黄,0.6
黑虎丹,冰片,3.0
密陀僧散,雄黄,6.0
密陀僧散,硫黄,6.0
密陀僧散,蛇床子,6.0
密陀僧散,密陀僧,3.0
密陀僧散,石黄,3.0
密陀僧散,轻粉,1.5
三品一条枪,明矾,60.0
三品一条枪,砒石,45.0
三品一条枪,雄黄,7.2
五倍子汤,五倍子,30.0
五倍子汤,朴硝,30.0
五倍子汤,桑寄生,30.0
五倍子汤,莲房,30.0
五倍子汤,荆芥,30.0
枯痔散,白矾,60.0
枯痔散,蟾酥,6.0
枯痔散,轻粉,12.0
枯痔散,白砒,30.0
枯痔散,天灵盖一块,12.0
紫草油,紫草,20.0
紫草油,香油,20.0
紫草油,毫升,20.0
紫草油,冰片,20.0
三黄洗剂,大黄,20.0
三黄洗剂,黄柏,20.0
三黄洗剂,黄芩,20.0
三黄洗剂,苦参,20.0
颠倒散,大黄,120.0
颠倒散,硫黄,120.0
阳和解凝膏,鲜牛蒡,1500.0
阳和解凝膏,鲜白凤仙梗,120.0
阳和解凝膏,川芎,30.0
阳和解凝膏,附子,60.0
阳和解凝膏,桂枝,60.0
阳和解凝膏,大黄,60.0
阳和解凝膏,当归,60.0
阳和解凝膏,肉桂,60.0
阳和解凝膏,草乌,60.0
阳和解凝膏,川乌,60.0
阳和解凝膏,地龙,60.0
阳和解凝膏,僵蚕,30.0
阳和解凝膏,赤芍,60.0
阳和解凝膏,白芷,60.0
阳和解凝膏,白蔹,60.0
阳和解凝膏,白及,60.0
阳和解凝膏,没药,60.0
阳和解凝膏,官桂,60.0
阳和解凝膏,续断,30.0
阳和解凝膏,防风,30.0
阳和解凝膏,荆芥,30.0
阳和解凝膏,五灵脂,30.0
阳和解凝膏,木香,30.0
阳和解凝膏,香橼,30.0
阳和解凝膏,陈皮,30.0
阳和解凝膏,苏合油,120.0
阳和解凝膏,麝香,30.0
阳和解凝膏,大麻油,5000.0
八宝丹,珍珠,3.0
八宝丹,牛黄,1.5
八宝丹,象皮,4.5
八宝丹,琥珀,4.5
八宝丹,煅龙骨,4.5
八宝丹,轻粉—钱,1.5
八宝丹,冰片,0.8999999999999999
八宝丹,煅炉甘石,9.0
黑退消,生川乌,20.0
黑退消,生草乌,20.0
黑退消,生南星,20.0
黑退消,生半夏,20.0
黑退消,生磁石,20.0
黑退消,公丁香,20.0
黑退消,肉桂,20.0
黑退消,制没药,20.0
黑退消,甘松,20.0
黑退消,硇砂,20.0
黑退消,冰片,20.0
黑退消,麝香,20.0
太乙膏,肉桂,60.0
太乙膏,白芷,60.0
太乙膏,当归,60.0
太乙膏,玄参,60.0
太乙膏,赤芍,60.0
太乙膏,生地黄,60.0
太乙膏,大黄,60.0
太乙膏,土木鳖,60.0
太乙膏,槐枝,20.0
太乙膏,柳枝,20.0
太乙膏,阿魏,9.0
太乙膏,轻粉,12.0
太乙膏,血余,30.0
太乙膏,东丹,1150.0
太乙膏,没药,15.0
太乙膏,麻油,2500.0
回阳玉龙膏,草乌,90.0
回阳玉龙膏,煨于姜,90.0
回阳玉龙膏,赤芍,30.0
回阳玉龙膏,白芷,30.0
回阳玉龙膏,煨天南星,30.0
回阳玉龙膏,肉桂,15.0
桂麝散,麻黄,15.0
桂麝散,肉桂,30.0
桂麝散,丁香,30.0
桂麝散,皂角,9.0
桂麝散,生半夏,24.0
桂麝散,天南星,24.0
桂麝散,麝香,1.7999999999999998
桂麝散,冰片,1.2
肠粘连缓解汤,川朴,20.0
肠粘连缓解汤,木香,20.0
肠粘连缓解汤,莱菔子,20.0
肠粘连缓解汤,当归,20.0
肠粘连缓解汤,肉苁蓉,20.0
肠粘连缓解汤,乌药,20.0
肠粘连缓解汤,桃仁,20.0
肠粘连缓解汤,赤芍,20.0
肠粘连缓解汤,芒硝,20.0
肠粘连缓解汤,番泻叶,20.0
肠粘连缓解汤,党参,20.0
肠粘连缓解汤,黄精,20.0
大承气汤,大黄,20.0
大承气汤,厚朴,20.0
大承气汤,枳实,25.0
大承气汤,芒硝,9.0
秦艽扶羸汤,柴胡,60.0
秦艽扶羸汤,人参,45.0
秦艽扶羸汤,鳖甲,45.0
秦艽扶羸汤,秦艽,45.0
秦艽扶羸汤,地骨皮,45.0
秦艽扶羸汤,半夏,30.0
秦艽扶羸汤,紫菀,30.0
秦艽扶羸汤,甘草,30.0
秦艽扶羸汤,当归,33.0
胆道排石汤,金钱草,20.0
胆道排石汤,茵陈,20.0
胆道排石汤,郁金,20.0
胆道排石汤,枳壳,20.0
胆道排石汤,木香,20.0
胆道排石汤,生大黄,20.0
桂枝加附子汤,桂枝,90.0
桂枝加附子汤,芍药,90.0
桂枝加附子汤,甘草,90.0
桂枝加附子汤,生姜,90.0
桂枝加附子汤,大枣,60.0
桂枝加附子汤,附子,5.0
犀角升麻汤,犀角,30.3
犀角升麻汤,升麻,30.0
犀角升麻汤,防风,0.8999999999999999
犀角升麻汤,羌活,0.8999999999999999
犀角升麻汤,川芎,15.0
犀角升麻汤,白附子,15.0
犀角升麻汤,白芷,15.0
犀角升麻汤,黄芩,15.0
犀角升麻汤,甘草,0.3
黄芩散,黄芩,3.0
黄芩散,赤茯苓,30.0
黄芩散,麦门冬,30.0
黄芩散,石膏,60.0
黄芩散,葛根,15.0
黄芩散,甘菊花,15.0
黄芩散,甘草,15.0
桂枝加黄芪汤,桂枝,90.0
桂枝加黄芪汤,芍药,90.0
桂枝加黄芪汤,甘草,60.0
桂枝加黄芪汤,生姜,30.0
桂枝加黄芪汤,大枣,60.0
桂枝加黄芪汤,黄芪,60.0
大造丸,紫河车一具,60.0
大造丸,龟板,60.0
大造丸,黄柏,45.0
大造丸,杜仲,45.0
大造丸,牛膝,36.0
大造丸,天门冬,36.0
大造丸,麦门冬,36.0
大造丸,人参,30.0
大造丸,生地黄,75.0
九一丹,煅石膏,27.0
九一丹,黄灵药,20.0
九一丹,升丹,3.0
易筒地黄饮子,生地黄,20.0
易筒地黄饮子,黄芪,20.0
易筒地黄饮子,熟地黄,20.0
易筒地黄饮子,甘草,20.0
易筒地黄饮子,天门冬,20.0
易筒地黄饮子,麦门冬,20.0
易筒地黄饮子,石斛,20.0
易筒地黄饮子,枇杷叶,20.0
易筒地黄饮子,枳壳,20.0
易筒地黄饮子,泽泻,20.0
易筒地黄饮子,人参,20.0
升阳举经汤,肉桂,1.5
升阳举经汤,白芍,1.5
升阳举经汤,红花,1.5
升阳举经汤,人参,3.0
升阳举经汤,熟地黄,3.0
升阳举经汤,川芎,3.0
升阳举经汤,独活,4.5
升阳举经汤,炮附子,4.5
升阳举经汤,甘草,4.5
升阳举经汤,羌活,6.0
升阳举经汤,藁本,6.0
升阳举经汤,防风,6.0
升阳举经汤,白术,9.0
升阳举经汤,当归,9.0
升阳举经汤,黄芪,9.0
升阳举经汤,柴胡,9.0
升阳举经汤,桃仁,20.0
丁桂散,丁香,9.0
丁桂散,肉桂两,30.0
千捶膏,松香,120.0
千捶膏,巴豆,20.0
千捶膏,蓖麻仁,21.0
千捶膏,杏仁,3.0
千捶膏,没药,3.0
千捶膏,铜绿,3.0
坎离砂,麻黄,20.0
坎离砂,归尾,20.0
坎离砂,附子,20.0
坎离砂,透骨草,20.0
坎离砂,红花,20.0
坎离砂,干姜,20.0
坎离砂,桂枝,20.0
坎离砂,牛膝,20.0
坎离砂,白芷,20.0
坎离砂,荆芥,20.0
坎离砂,防风,20.0
坎离砂,木瓜,20.0
坎离砂,生艾绒,20.0
坎离砂,羌活,20.0
坎离砂,独活,20.0
坎离砂,铁砂,20.0
铁箍散,芙蓉叶,20.0
铁箍散,黄柏,20.0
铁箍散,大黄,20.0
铁箍散,五倍子,20.0
铁箍散,白及,20.0
玉露散,芙蓉叶,20.0
金黄散,天花粉,5000.0
金黄散,大黄,2500.0
金黄散,黄柏,2500.0
金黄散,姜黄,2500.0
金黄散,白芷,2500.0
金黄散,天南星,1000.0
金黄散,陈皮,1000.0
金黄散,苍术,1000.0
金黄散,厚朴,1000.0
金黄散,甘草,1000.0
越鞠丸,香附,6.0
越鞠丸,川芎,6.0
越鞠丸,苍术,6.0
越鞠丸,神曲,6.0
越鞠丸,栀子,6.0
阿魏膏,羌活,15.0
阿魏膏,独活,15.0
阿魏膏,玄参,15.0
阿魏膏,官桂,15.0
阿魏膏,赤芍,15.0
阿魏膏,穿山甲,15.0
阿魏膏,生地黄,15.0
阿魏膏,两头尖,15.0
阿魏膏,大黄,15.0
阿魏膏,白芷,15.0
阿魏膏,天麻,15.0
阿魏膏,红花,15.0
阿魏膏,槐枝,15.0
阿魏膏,柳枝,15.0
阿魏膏,桃枝,15.0
阿魏膏,木鳖子,20.0
阿魏膏,头发一团,20.0
通关散,皂角,3.0
苦酒汤,半夏,9.0
苦酒汤,鸡子,20.0
苦酒汤,苦酒,20.0
滋阴降火汤,白芍,3.6
滋阴降火汤,当归,3.0
滋阴降火汤,川芎,3.0
滋阴降火汤,黄柏,3.0
滋阴降火汤,生知母,3.0
滋阴降火汤,天花粉,3.0
滋阴降火汤,生甘草,3.0
滋阴降火汤,熟地黄—钱半,5.0
滋阴降火汤,玄参,6.0
滋阴降火汤,桔梗,9.0
滋阴降火汤,竹沥,15.0
金果饮,地黄,20.0
金果饮,玄参,20.0
金果饮,麦冬,20.0
金果饮,胖大海,20.0
金果饮,陈皮,20.0
铁笛丸,当归,30.0
铁笛丸,怀熟地黄,30.0
铁笛丸,怀生地黄,30.0
铁笛丸,天门冬,15.0
铁笛丸,黄柏,30.0
铁笛丸,知母,15.0
铁笛丸,麦门冬,10.0
铁笛丸,玄参,9.0
铁笛丸,白茯苓,30.0
铁笛丸,诃子,15.0
铁笛丸,阿胶,15.0
铁笛丸,毫升,20.0
铁笛丸,乌梅肉,20.0
铁笛丸,甜梨汁,20.0
清音丸,桔梗,30.0
清音丸,诃子肉,30.0
清音丸,甘草,15.0
清音丸,青黛,9.0
清音丸,硼砂,9.0
清音丸,冰片,9.0
银翘马勃散,连翘,30.0
银翘马勃散,牛蒡子,30.0
银翘马勃散,金银花,15.0
银翘马勃散,射干,9.0
银翘马勃散,马勃,6.0
清热泻脾散,栀子,9.0
清热泻脾散,生地黄,9.0
清热泻脾散,黄芩,9.0
清热泻脾散,茯苓,9.0
清热泻脾散,煅石膏,15.0
清热泻脾散,黄连,3.0
清热泻脾散,灯心草,3.0
泻黄散,藿香叶,21.0
泻黄散,山栀仁,3.0
泻黄散,石膏,15.0
泻黄散,甘草,90.0
泻黄散,防风,120.0
凉血四物汤,当归,3.0
凉血四物汤,生地黄,3.0
凉血四物汤,川芎,3.0
凉血四物汤,赤芍,3.0
凉血四物汤,黄芩,3.0
凉血四物汤,赤茯苓,3.0
凉血四物汤,陈皮,3.0
凉血四物汤,红花,3.0
凉血四物汤,生甘草,3.0
泻青丸,龙胆草,30.0
泻青丸,大黄,30.0
泻青丸,防风,30.0
泻青丸,羌活,30.0
泻青丸,川芎,30.0
泻青丸,当归,30.0
泻青丸,山栀,30.0
内补黄芪汤,黄芪,1.5
内补黄芪汤,当归,1.5
内补黄芪汤,熟地黄,1.5
内补黄芪汤,川芎,1.5
内补黄芪汤,白芍,1.5
内补黄芪汤,人参,1.5
内补黄芪汤,茯苓,1.5
内补黄芪汤,甘草,1.5
内补黄芪汤,麦门冬,1.5
内补黄芪汤,肉桂,1.5
内补黄芪汤,远志,1.5
内补黄芪汤,生姜,1.5
内补黄芪汤,大枣,1.5
托里透脓汤,人参,3.0
托里透脓汤,白术,3.0
托里透脓汤,穿山甲,3.0
托里透脓汤,白芷,3.0
托里透脓汤,升麻,1.5
托里透脓汤,甘草,1.5
托里透脓汤,当归,6.0
托里透脓汤,黄芪,9.0
托里透脓汤,皂角刺,4.5
托里透脓汤,青皮,1.5
透脓散,生黄芪,12.0
透脓散,当归,6.0
透脓散,穿山甲,3.0
透脓散,皂角刺,1.5
透脓散,川芎,9.0
回阳三建汤,附子,3.0
回阳三建汤,人参,3.0
回阳三建汤,黄芪,3.0
回阳三建汤,当归,3.0
回阳三建汤,川芎,3.0
回阳三建汤,茯苓,3.0
回阳三建汤,枸杞,3.0
回阳三建汤,陈皮,3.0
回阳三建汤,萸肉,3.0
回阳三建汤,木香,1.5
回阳三建汤,甘草,1.5
回阳三建汤,紫草,1.5
回阳三建汤,厚朴,1.5
回阳三建汤,苍术,1.5
回阳三建汤,红花,1.5
回阳三建汤,独活,1.5
小金丹,白胶香,45.0
小金丹,制草乌,45.0
小金丹,五灵脂,45.0
小金丹,地龙,45.0
小金丹,制木鳖,45.0
小金丹,制没药,22.5
小金丹,当归身,22.5
小金丹,麝香,9.0
小金丹,陈墨,3.6
犀黄丸,犀黄,0.8999999999999999
犀黄丸,麝香,1.5
犀黄丸,没药,30.0
萆薢渗湿汤,萆薢,20.0
萆薢渗湿汤,薏苡仁,20.0
萆薢渗湿汤,黄柏,20.0
萆薢渗湿汤,赤苓,20.0
萆薢渗湿汤,牡丹皮,20.0
萆薢渗湿汤,泽泻,20.0
萆薢渗湿汤,滑石,20.0
萆薢渗湿汤,通草,20.0
顾步汤,黄芪,30.0
顾步汤,金钗石斛,30.0
顾步汤,当归,30.0
顾步汤,金银花,30.0
顾步汤,牛膝,30.0
顾步汤,紫花地丁,30.0
顾步汤,蒲公英,15.0
顾步汤,菊花,15.0
顾步汤,人参,9.0
顾步汤,甘草,9.0
四妙勇安汤,金银花,90.0
四妙勇安汤,玄参,90.0
四妙勇安汤,当归,60.0
四妙勇安汤,甘草,30.0
五神汤,金银花,20.0
五神汤,紫花地丁,20.0
五神汤,茯苓,20.0
五神汤,车前子,20.0
五神汤,牛膝,20.0
枇杷清肺饮,枇杷叶,6.0
枇杷清肺饮,桑白皮,6.0
枇杷清肺饮,黄连钱,6.0
枇杷清肺饮,黄柏,3.0
枇杷清肺饮,人参,0.8999999999999999
枇杷清肺饮,甘草,0.8999999999999999
牛蒡解肌汤,牛蒡子,9.0
牛蒡解肌汤,薄荷,3.0
牛蒡解肌汤,荆芥,12.0
牛蒡解肌汤,连翘,9.0
牛蒡解肌汤,山栀子,9.0
牛蒡解肌汤,牡丹皮,9.0
牛蒡解肌汤,石斛,9.0
牛蒡解肌汤,玄参,9.0
牛蒡解肌汤,夏枯草,9.0
七星剑,野菊花,9.0
七星剑,苍耳草,9.0
七星剑,稀莶草,9.0
七星剑,地丁草,9.0
七星剑,麻黄,3.0
七星剑,草河车,6.0
当归活血汤,当归,3.0
当归活血汤,红花,3.0
当归活血汤,生地黄,3.0
当归活血汤,赤芍,3.0
当归活血汤,川芎,3.0
当归活血汤,紫草,3.0
五味消毒饮,金银花,9.0
五味消毒饮,野菊花,3.6
五味消毒饮,蒲公英,3.6
五味消毒饮,紫花地丁,3.6
五味消毒饮,紫背天葵子,3.6
赤小豆当归散,赤小豆,72.0
赤小豆当归散,当归,90.0
薏苡附子败酱散,薏苡仁,3.0
薏苡附子败酱散,附子,0.6
薏苡附子败酱散,败酱,1.5
急救稀涎散,皂荚四挺,120.0
急救稀涎散,白矾,30.0
瓜蒂散,瓜蒂,0.3
瓜蒂散,赤小豆,0.3
甘草粉蜜汤,甘草,60.0
肥儿丸,神曲,300.0
肥儿丸,黄连,300.0
肥儿丸,肉豆蔻,150.0
肥儿丸,使君子,150.0
肥儿丸,麦芽,150.0
肥儿丸,槟榔,100.0
肥儿丸,木香,60.0
安蛔汤,人参,2.1
安蛔汤,白术,3.0
安蛔汤,茯苓,3.0
安蛔汤,干姜,1.5
安蛔汤,花椒,0.8999999999999999
安蛔汤,乌梅,10.0
椒梅汤,川椒,9.0
椒梅汤,乌梅,9.0
椒梅汤,生白芍,9.0
椒梅汤,人参,6.0
椒梅汤,黄连,6.0
椒梅汤,黄芩,6.0
椒梅汤,干姜,6.0
椒梅汤,半夏,6.0
椒梅汤,枳实,4.5
易黄汤,山药,20.0
易黄汤,芡实,20.0
易黄汤,黄柏,20.0
易黄汤,车前子,20.0
易黄汤,白果,20.0
止带丸,当归,20.0
止带丸,川芎,20.0
止带丸,白术,20.0
止带丸,人参,20.0
止带丸,山药,20.0
止带丸,杜仲,20.0
止带丸,香附,20.0
止带丸,故纸,20.0
止带丸,牡蛎,20.0
止带丸,椿根皮,20.0
止带丸,续断,20.0
止带丸,青黛,20.0
清带汤,生山药,30.0
清带汤,生龙骨,18.0
清带汤,生牡蛎,18.0
清带汤,海螵蛸,12.0
清带汤,茜草,9.0
完带汤,白术,30.0
完带汤,山药,30.0
完带汤,人参,6.0
完带汤,白芍,15.0
完带汤,车前子,9.0
完带汤,苍术,9.0
完带汤,甘草,3.0
完带汤,陈皮,1.5
完带汤,黑荆穗,1.5
完带汤,柴胡,1.7999999999999998
威喜丸,黄蜡,20.0
威喜丸,白茯苓,20.0
秘精丸,煅牡蛎,20.0
秘精丸,菟丝子,20.0
秘精丸,生龙骨,20.0
秘精丸,五味子,20.0
秘精丸,韭子,20.0
秘精丸,桑螵蛸,20.0
秘精丸,白茯苓,20.0
秘精丸,煅白石脂,20.0
秘元煎,远志,4.0
秘元煎,山药,6.0
秘元煎,芡实,6.0
秘元煎,枣仁,6.0
秘元煎,白术,5.0
秘元煎,茯苓,5.0
秘元煎,甘草,3.0
秘元煎,人参,6.0
秘元煎,五味子,20.0
秘元煎,金樱子,6.0
十四味建中汤,当归,20.0
十四味建中汤,白芍,20.0
十四味建中汤,白术,20.0
十四味建中汤,甘草,20.0
十四味建中汤,人参,20.0
十四味建中汤,麦门冬,20.0
十四味建中汤,川芎,20.0
十四味建中汤,肉桂,20.0
十四味建中汤,附子,20.0
十四味建中汤,肉苁蓉,20.0
十四味建中汤,半夏,20.0
十四味建中汤,黄芪,20.0
十四味建中汤,茯苓,20.0
十四味建中汤,熟地黄,20.0
固真丸,菟丝子,500.0
固真丸,煅牡蛎,120.0
固真丸,金樱子,120.0
固真丸,茯苓,120.0
三才封髓丹,人参,15.0
三才封髓丹,天门冬,15.0
三才封髓丹,熟地黄,15.0
三才封髓丹,黄柏,90.0
三才封髓丹,砂仁,15.0
三才封髓丹,甘草,10.5
桑螵蛸散,桑螵蛸,30.0
桑螵蛸散,远志,30.0
桑螵蛸散,菖蒲,30.0
桑螵蛸散,龙骨,30.0
桑螵蛸散,人参,30.0
桑螵蛸散,茯神,30.0
桑螵蛸散,当归,30.0
桑螵蛸散,龟甲,30.0
水陆二仙丹,芡实,20.0
水陆二仙丹,金樱子,20.0
膏淋汤,生山药,30.0
膏淋汤,生芡买,18.0
膏淋汤,生龙骨,18.0
膏淋汤,生牡蛎,18.0
膏淋汤,大生地黄,18.0
膏淋汤,潞党参,9.0
膏淋汤,生杭芍,9.0
治浊固本丸,莲花须,60.0
治浊固本丸,黄连,20.0
治浊固本丸,白茯苓,30.0
治浊固本丸,砂仁,30.0
治浊固本丸,益智仁,30.0
治浊固本丸,半夏,30.0
治浊固本丸,黄柏,30.0
治浊固本丸,甘草,90.0
治浊固本丸,猪苓,76.0
巩堤丸,熟地黄,60.0
巩堤丸,菟丝子酒煮,50.0
巩堤丸,白术,60.0
巩堤丸,北五味子,30.0
巩堤丸,益智仁,30.0
巩堤丸,补骨脂,30.0
巩堤丸,制附子,30.0
巩堤丸,茯苓,30.0
巩堤丸,家韭子,30.0
固脬丸,制菟丝子,60.0
固脬丸,茴香,30.0
固脬丸,附子,15.0
固脬丸,桑螵蛸,15.0
固脬丸,戎盐,3.0
固肠汤,酸石榴皮,15.0
固肠汤,黄连,30.0
固肠汤,地榆,30.0
固肠汤,罂粟壳,45.0
固肠汤,茯苓,45.0
诃子皮散,御米壳,1.5
诃子皮散,橘皮,1.5
诃子皮散,炮干姜,1.7999999999999998
诃子皮散,诃子,2.1
脾肾双补丸,人参,500.0
脾肾双补丸,莲肉,500.0
脾肾双补丸,菟丝子,750.0
脾肾双补丸,五味子,750.0
脾肾双补丸,山茱萸肉,500.0
脾肾双补丸,真怀山药,500.0
脾肾双补丸,车前子,360.0
脾肾双补丸,肉豆蔻,300.0
脾肾双补丸,橘红,180.0
脾肾双补丸,巴戟天,360.0
脾肾双补丸,补骨脂,500.0
真人养脏汤,人参,18.0
真人养脏汤,当归,18.0
真人养脏汤,白术,18.0
真人养脏汤,肉豆蔻,15.0
真人养脏汤,白芍,48.0
真人养脏汤,诃子,36.0
真人养脏汤,肉桂,24.0
真人养脏汤,甘草,24.0
真人养脏汤,木香,42.0
真人养脏汤,罂粟壳,108.0
桃花汤,赤石脂,20.0
桃花汤,筛末,500.0
桃花汤,干姜,30.0
桃花汤,粳米,24.0
赤石脂禹余粮汤,赤石脂,500.0
赤石脂禹余粮汤,禹余粮,500.0
黄芪建中汤,黄芪,15.0
黄芪建中汤,桂枝,90.0
黄芪建中汤,芍药,180.0
黄芪建中汤,甘草,60.0
黄芪建中汤,生姜,90.0
黄芪建中汤,大枣,20.0
黄芪建中汤,饴糖,20.0
桂枝甘草龙骨牡蛎汤,桂枝,30.0
桂枝甘草龙骨牡蛎汤,甘草,60.0
桂枝甘草龙骨牡蛎汤,龙骨,60.0
桂枝甘草龙骨牡蛎汤,牡蛎,60.0
交泰丸,川黄连,15.0
交泰丸,肉挂心,1.5
生铁落饮,天门冬,9.0
生铁落饮,麦门冬,9.0
生铁落饮,贝母,9.0
生铁落饮,胆南星,3.0
生铁落饮,橘红,3.0
生铁落饮,远志肉,3.0
生铁落饮,石菖蒲,3.0
生铁落饮,连翘,3.0
生铁落饮,茯苓,3.0
生铁落饮,茯神,3.0
生铁落饮,元参,1.5
生铁落饮,钩藤,1.5
生铁落饮,丹参,1.5
生铁落饮,辰砂,0.8999999999999999
生铁落饮,生铁落,30.0
百合地黄汤,生地黄汁,20.0
百合地黄汤,毫升,20.0
甘草小麦大枣汤,甘草,90.0
甘草小麦大枣汤,小麦,24.0
甘草小麦大枣汤,大枣,50.0
孔圣枕中丹,龟板,20.0
孔圣枕中丹,龙骨,20.0
孔圣枕中丹,远志,20.0
孔圣枕中丹,菖蒲,20.0
安神定志丸,茯苓,30.0
安神定志丸,茯神,30.0
安神定志丸,人参,30.0
安神定志丸,远志,30.0
安神定志丸,石菖蒲,15.0
安神定志丸,龙齿,15.0
珍珠母丸,珍珠母,0.8999999999999999
珍珠母丸,当归,15.0
珍珠母丸,熟地黄,15.0
珍珠母丸,芦人参,30.0
珍珠母丸,酸枣,30.0
珍珠母丸,柏子仁,30.0
珍珠母丸,犀角,15.0
珍珠母丸,茯神,15.0
珍珠母丸,沉香,15.0
珍珠母丸,龙齿,15.0
养心汤,当归身,3.0
养心汤,生地黄,3.0
养心汤,熟地黄,3.0
养心汤,茯神,3.0
养心汤,人参,1.5
养心汤,麦门冬,1.5
养心汤,五味子,4.5
养心汤,柏子仁,2.4
养心汤,酸枣仁,2.4
养心汤,甘草,1.2
酸枣仁汤,酸枣仁,48.0
酸枣仁汤,甘草,30.0
酸枣仁汤,知母,60.0
酸枣仁汤,茯苓,60.0
酸枣仁汤,川芎,60.0
黄连阿胶汤,黄连,120.0
黄连阿胶汤,黄芩,60.0
黄连阿胶汤,芍药,60.0
黄连阿胶汤,鸡子黄,20.0
黄连阿胶汤,阿胶,90.0
五虎追风散,蝉蜕,30.0
五虎追风散,天南星,6.0
五虎追风散,明天麻,6.0
五虎追风散,带尾全虫,35.0
五虎追风散,僵蚕,525.0
撮风散,蜈蚣,20.0
撮风散,钩藤,5.0
撮风散,朱砂,3.0
撮风散,僵蚕,3.0
撮风散,蝎尾,3.0
撮风散,麝香,3.0
止痉散,全蝎,20.0
止痉散,蜈蚣,20.0
牵正散,白附子,20.0
牵正散,白僵蚕,20.0
牵正散,全蝎,20.0
玉真散,天南星,20.0
玉真散,防风,20.0
玉真散,白芷,20.0
玉真散,天麻,20.0
玉真散,羌活,20.0
玉真散,白附子,20.0
建瓴汤,生怀山药,30.0
建瓴汤,怀牛膝,30.0
建瓴汤,生赭石,24.0
建瓴汤,生龙骨,18.0
建瓴汤,生牡蛎,18.0
建瓴汤,生怀地黄,18.0
建瓴汤,生杭芍,12.0
建瓴汤,柏子仁,12.0
阿胶鸡子黄汤,陈阿胶,6.0
阿胶鸡子黄汤,生白芍,9.0
阿胶鸡子黄汤,杵石决明,15.0
阿胶鸡子黄汤,双钩藤,6.0
阿胶鸡子黄汤,大生地黄,12.0
阿胶鸡子黄汤,杵生牡蛎,12.0
阿胶鸡子黄汤,络石藤,9.0
阿胶鸡子黄汤,茯神木,12.0
阿胶鸡子黄汤,鸡子黄,10.0
大建中汤,花椒,9.0
大建中汤,干姜,15.0
大建中汤,人参,6.0
大建中汤,饴糖,30.0
三甲复脉汤,甘草,18.0
三甲复脉汤,干地黄,18.0
三甲复脉汤,生白芍,18.0
三甲复脉汤,心麦门冬,15.0
三甲复脉汤,阿胶,9.0
三甲复脉汤,麻仁,9.0
三甲复脉汤,生牡蛎,15.0
三甲复脉汤,生鳖甲,24.0
三甲复脉汤,生龟甲,30.0
钩藤散,钩藤,15.0
钩藤散,陈皮,15.0
钩藤散,半夏,15.0
钩藤散,麦门冬,15.0
钩藤散,皮茯苓,15.0
钩藤散,木茯神,15.0
钩藤散,芦人参,15.0
钩藤散,梗甘菊花,15.0
钩藤散,钗股防风,15.0
钩藤散,甘草,0.3
钩藤散,生石膏,30.0
羚角钩藤汤,羚角片,1.5
羚角钩藤汤,霜桑叶,6.0
羚角钩藤汤,心京川贝,12.0
羚角钩藤汤,鲜生地黄,15.0
羚角钩藤汤,双钩藤,9.0
羚角钩藤汤,滁菊花,9.0
羚角钩藤汤,茯神木,9.0
羚角钩藤汤,生白芍,9.0
羚角钩藤汤,生甘草,2.4
羚角钩藤汤,鲜刮淡竹茹,15.0
卫生防疫宝丹,甘草,300.0
卫生防疫宝丹,白芷,30.0
卫生防疫宝丹,薄荷,12.0
卫生防疫宝丹,冰片,6.0
卫生防疫宝丹,朱砂,90.0
菖蒲郁金汤,石菖蒲,9.0
菖蒲郁金汤,栀子,9.0
菖蒲郁金汤,鲜竹叶,9.0
菖蒲郁金汤,牡丹皮,9.0
菖蒲郁金汤,郁金,6.0
菖蒲郁金汤,连翘,6.0
菖蒲郁金汤,灯心,6.0
菖蒲郁金汤,木通,1.5
菖蒲郁金汤,竹沥冲,15.0
菖蒲郁金汤,玉枢丹,1.5
甘草干姜汤,甘草,120.0
甘草干姜汤,干姜,60.0
胃关煎,熟地黄,42.0
胃关煎,山药,6.0
胃关煎,白扁豆,6.0
胃关煎,甘草,6.0
胃关煎,干姜,9.0
胃关煎,吴茱萸,2.1
胃关煎,白术,9.0
益黄散,陈皮,30.0
益黄散,丁香,6.0
益黄散,诃子,15.0
益黄散,青皮,15.0
益黄散,甘草,15.0
逐寒荡惊汤,肉桂,3.0
逐寒荡惊汤,炮姜,3.0
逐寒荡惊汤,丁香,3.0
逐寒荡惊汤,胡椒,3.0
逐寒荡惊汤,灶心土,90.0
厚朴温中汤,厚朴,30.0
厚朴温中汤,橘皮,30.0
厚朴温中汤,甘草,15.0
厚朴温中汤,草豆蔻,15.0
厚朴温中汤,茯苓,15.0
厚朴温中汤,木香,15.0
厚朴温中汤,干姜,2.1
厚朴温中汤,生姜,20.0
小建中汤,桂枝,6.0
小建中汤,芍药,12.0
小建中汤,甘草,3.0
小建中汤,生姜,20.0
小建中汤,大枣,20.0
小建中汤,饴糖,18.0
茯苓四逆汤,茯苓,12.0
茯苓四逆汤,人参,3.0
茯苓四逆汤,生附子,6.0
茯苓四逆汤,甘草,6.0
茯苓四逆汤,干姜,1.5
回阳救急汤,熟附子,9.0
回阳救急汤,干姜,6.0
回阳救急汤,肉桂,3.0
回阳救急汤,人参,9.0
回阳救急汤,白术,9.0
回阳救急汤,茯苓,9.0
回阳救急汤,半夏,9.0
回阳救急汤,陈皮,9.0
回阳救急汤,甘草,6.0
回阳救急汤,五味子,9.0
回阳救急汤,麝香,20.0
回阳救急汤,汤内调,1.0
回阳救急汤,生姜,20.0
黑锡丹,黑锡,60.0
黑锡丹,硫磺,60.0
黑锡丹,金铃子,30.0
黑锡丹,葫芦巴,30.0
黑锡丹,木香,30.0
黑锡丹,附子,30.0
黑锡丹,肉豆蔻,30.0
黑锡丹,故纸,30.0
黑锡丹,沉香,30.0
黑锡丹,茴香,30.0
黑锡丹,阳起石,30.0
黑锡丹,肉桂,15.0
五味子汤,五味子,15.0
五味子汤,麦门冬,3.0
五味子汤,人参,3.0
五味子汤,杏仁,3.0
五味子汤,生姜,20.0
五味子汤,大枣,20.0
九仙散,人参,30.0
九仙散,款冬花,30.0
九仙散,桑白皮,30.0
九仙散,桔梗,30.0
九仙散,五味子,30.0
九仙散,阿胶,30.0
九仙散,乌梅,30.0
九仙散,贝母,15.0
九仙散,御米壳,240.0
人参蛤蚧散,蛤蚧一对,60.0
人参蛤蚧散,人参,60.0
人参蛤蚧散,茯苓,60.0
人参蛤蚧散,知母,60.0
人参蛤蚧散,贝母,60.0
人参蛤蚧散,桑白皮,60.0
人参蛤蚧散,甘草,150.0
人参蛤蚧散,杏仁,180.0
补肺汤,人参,1.05
补肺汤,黄芪,1.05
补肺汤,北五味,1.05
补肺汤,紫菀,1.05
补肺汤,桑白皮,1.5
补肺汤,熟地黄,1.5
金水六君煎,当归,6.0
金水六君煎,熟地黄,15.0
金水六君煎,陈皮,6.0
金水六君煎,半夏,0.0
金水六君煎,茯苓,6.0
金水六君煎,甘草,3.0
金水六君煎,生姜,20.0
补肺阿胶散,阿胶,15.0
补肺阿胶散,牛蒡子,3.0
补肺阿胶散,杏仁,20.0
补肺阿胶散,马兜铃,15.0
补肺阿胶散,甘草,3.0
补肺阿胶散,糯米,30.0
木防己汤,木防己,9.0
木防己汤,石膏,30.0
木防己汤,桂枝,6.0
木防己汤,人参,12.0
皂荚丸,皂荚,240.0
桔梗汤,桔梗,9.0
桔梗汤,甘草,6.0
三子养亲汤,白芥子,6.0
三子养亲汤,苏子,9.0
三子养亲汤,莱菔子,9.0
定喘汤,白果,105.0
定喘汤,麻黄,9.0
定喘汤,苏子,6.0
定喘汤,甘草,3.0
定喘汤,款冬花,9.0
定喘汤,杏仁,4.5
定喘汤,桑白皮,9.0
定喘汤,黄芩,4.5
定喘汤,法半夏,9.0
射干麻黄汤,射干,9.0
射干麻黄汤,麻黄,12.0
射干麻黄汤,生姜,12.0
射干麻黄汤,紫菀,9.0
射干麻黄汤,款冬花,9.0
射干麻黄汤,大枣,20.0
射干麻黄汤,半夏,9.0
射干麻黄汤,五味子,3.0
黛蛤散,青黛,9.0
黛蛤散,煅蛤粉,9.0
贝母瓜蒌散,贝母,4.5
贝母瓜蒌散,瓜蒌,3.0
贝母瓜蒌散,花粉,2.1
贝母瓜蒌散,茯苓,2.1
贝母瓜蒌散,橘红,2.1
清燥救肺汤,桑叶,9.0
清燥救肺汤,石膏,7.5
清燥救肺汤,甘草,3.0
清燥救肺汤,人参,2.1
清燥救肺汤,胡麻仁,3.0
清燥救肺汤,阿胶,2.4
清燥救肺汤,杏仁,2.1
清燥救肺汤,麦门冬,3.0
清燥救肺汤,枇杷叶,3.0
葶苈大枣泻肺汤,葶苈子,15.0
葶苈大枣泻肺汤,大枣,15.0
五虎汤,麻黄,2.1
五虎汤,杏仁钱,6.0
五虎汤,甘草,1.2
五虎汤,腊茶,2.4
五虎汤,石膏,4.5
金沸草散,前胡,90.0
金沸草散,荆芥,120.0
金沸草散,姜半夏,30.0
金沸草散,赤芍,60.0
金沸草散,甘草,30.0
金沸草散,旋覆花,90.0
柴胡达原饮,柴胡,6.0
柴胡达原饮,生枳壳,6.0
柴胡达原饮,川朴,6.0
柴胡达原饮,青皮,6.0
柴胡达原饮,甘草,3.0
柴胡达原饮,黄芩,6.0
柴胡达原饮,桔梗,3.0
柴胡达原饮,草果,3.0
柴胡达原饮,槟榔,6.0
柴胡达原饮,荷叶梗,12.0
十味温胆汤,半夏,90.0
十味温胆汤,枳实,90.0
十味温胆汤,陈皮,90.0
十味温胆汤,白茯苓,15.0
十味温胆汤,酸枣仁,30.0
十味温胆汤,远志,30.0
十味温胆汤,五味,30.0
十味温胆汤,子熟地黄,30.0
十味温胆汤,人参,30.0
十味温胆汤,粉草,15.0
华盖散,麻黄,30.0
华盖散,苏子,30.0
华盖散,桑白皮,30.0
华盖散,橘皮,30.0
华盖散,杏仁,30.0
华盖散,赤茯苓,30.0
华盖散,甘草,15.0
三拗汤,麻黄,20.0
三拗汤,杏仁,20.0
三拗汤,甘草,20.0
海藻玉壶汤,海藻,3.0
海藻玉壶汤,贝母,3.0
海藻玉壶汤,陈皮,3.0
海藻玉壶汤,昆布,3.0
海藻玉壶汤,青皮,3.0
海藻玉壶汤,川芎,3.0
海藻玉壶汤,当归,3.0
海藻玉壶汤,连翘,3.0
海藻玉壶汤,半夏,3.0
海藻玉壶汤,甘草节,3.0
海藻玉壶汤,独活,3.0
海藻玉壶汤,海带,1.5
消瘰丸,元参,120.0
消瘰丸,牡蛎,120.0
消瘰丸,川贝母,120.0
内消瘰疬丸,夏枯草,249.0
内消瘰疬丸,玄参,150.0
内消瘰疬丸,天花粉,30.0
内消瘰疬丸,甘草,30.0
内消瘰疬丸,青盐,150.0
内消瘰疬丸,白蔹,30.0
内消瘰疬丸,当归,30.0
内消瘰疬丸,海藻,30.0
内消瘰疬丸,枳壳,30.0
内消瘰疬丸,桔梗,30.0
内消瘰疬丸,川贝母,30.0
内消瘰疬丸,制大黄,30.0
内消瘰疬丸,薄荷,30.0
内消瘰疬丸,连翘,30.0
内消瘰疬丸,海蛤粉,30.0
内消瘰疬丸,生地黄,30.0
内消瘰疬丸,硝石,30.0
夏枯草膏,夏枯草,250.0
夏枯草膏,当归,15.0
夏枯草膏,白芍,15.0
夏枯草膏,玄参,15.0
夏枯草膏,乌药,15.0
夏枯草膏,浙贝母,15.0
夏枯草膏,僵蚕,15.0
夏枯草膏,昆布,9.0
夏枯草膏,桔梗,9.0
夏枯草膏,甘草,9.0
夏枯草膏,川芎,9.0
夏枯草膏,陈皮,9.0
夏枯草膏,红花,6.0
夏枯草膏,香附,30.0
指迷茯苓丸,半夏,60.0
指迷茯苓丸,茯苓,30.0
指迷茯苓丸,枳壳,15.0
指迷茯苓丸,风化朴硝,9.0
半夏散,半夏,20.0
半夏散,桂枝,20.0
半夏散,甘草,20.0
达原饮,槟榔,6.0
达原饮,厚朴,3.0
达原饮,草果,1.5
达原饮,知母,3.0
达原饮,芍药,3.0
达原饮,黄芩,3.0
达原饮,甘草,1.5
黄连温胆汤,川黄连,6.0
黄连温胆汤,竹茹,9.0
黄连温胆汤,枳实,9.0
黄连温胆汤,半夏,9.0
黄连温胆汤,陈皮,6.0
黄连温胆汤,甘草,3.0
黄连温胆汤,生姜,60.0
黄连温胆汤,茯苓,9.0
正容汤,羌活,20.0
正容汤,白附子,20.0
正容汤,防风,20.0
正容汤,秦艽,20.0
正容汤,胆南星,20.0
正容汤,白僵蚕,20.0
正容汤,制半夏,20.0
正容汤,木瓜,20.0
正容汤,甘草,20.0
正容汤,茯神心木,20.0
白金丸,白矾,120.0
白金丸,郁金,210.0
三生饮,生南星,30.0
三生饮,木香,0.3
三生饮,生川乌,15.0
三生饮,生附子,15.0
温胆汤,半夏,60.0
温胆汤,竹茹,60.0
温胆汤,枳实,60.0
温胆汤,陈皮,90.0
温胆汤,茯苓,15.0
温胆汤,甘草,30.0
温胆汤,生姜,20.0
温胆汤,大枣,20.0
半夏秫米汤,半夏,3.0
半夏秫米汤,秫米,15.0
甘遂半夏汤,甘遂,15.0
甘遂半夏汤,半夏,60.0
甘遂半夏汤,芍药,55.0
甘遂半夏汤,甘草,5.0
泽泻汤,泽泻,150.0
泽泻汤,白术,60.0
控涎丹,甘遂,20.0
控涎丹,大戟,20.0
控涎丹,白芥子,20.0
茯苓桂枝白术甘草汤,茯苓,12.0
茯苓桂枝白术甘草汤,桂枝,9.0
茯苓桂枝白术甘草汤,白术,9.0
茯苓桂枝白术甘草汤,甘草,6.0
导痰汤,半夏,120.0
导痰汤,皮炮天南星,30.0
导痰汤,橘红,30.0
导痰汤,瓤枳实,30.0
导痰汤,皮赤茯苓,30.0
导痰汤,甘草,15.0
升阳除湿防风汤,皮泔,120.0
升阳除湿防风汤,苍术,120.0
升阳除湿防风汤,防风,6.0
升阳除湿防风汤,白术,3.0
升阳除湿防风汤,白茯苓,3.0
升阳除湿防风汤,白芍,3.0
鸡鸣散,槟榔,20.0
鸡鸣散,陈皮,30.0
鸡鸣散,木瓜,30.0
鸡鸣散,吴茱萸,6.0
鸡鸣散,桔梗,15.0
鸡鸣散,和皮生姜,15.0
鸡鸣散,紫苏茎叶,9.0
甘露消毒丹,飞滑石,450.0
甘露消毒丹,淡黄芩,300.0
甘露消毒丹,茵陈,330.0
甘露消毒丹,石菖蒲,180.0
甘露消毒丹,川贝母,150.0
甘露消毒丹,木通,150.0
甘露消毒丹,藿香,120.0
甘露消毒丹,连翘,120.0
甘露消毒丹,白豆蔻,120.0
甘露消毒丹,薄荷,120.0
甘露消毒丹,射干,120.0
连朴饮,制厚朴,6.0
连朴饮,姜汁,3.0
连朴饮,川连,3.0
连朴饮,石菖蒲,3.0
连朴饮,制半夏,3.0
连朴饮,香豉,9.0
连朴饮,焦栀,9.0
连朴饮,芦根,60.0
藿朴夏苓汤,藿香,6.0
藿朴夏苓汤,半夏,1.5
藿朴夏苓汤,赤苓,9.0
藿朴夏苓汤,杏仁,9.0
藿朴夏苓汤,生苡仁,12.0
藿朴夏苓汤,白蔻仁,3.0
藿朴夏苓汤,通草,3.0
藿朴夏苓汤,猪苓,9.0
藿朴夏苓汤,淡豆豉,9.0
藿朴夏苓汤,泽泻钱半,5.0
藿朴夏苓汤,厚朴,3.0
萆薢分清饮,川萆薢,20.0
萆薢分清饮,益智仁,20.0
萆薢分清饮,石菖蒲,20.0
萆薢分清饮,乌药,20.0
栝楼瞿麦丸,栝楼根,60.0
栝楼瞿麦丸,茯苓直两,90.0
栝楼瞿麦丸,薯蓣,90.0
栝楼瞿麦丸,炮附子,5.0
栝楼瞿麦丸,瞿麦,30.0
化阴煎,生地黄,6.0
化阴煎,熟地黄,6.0
化阴煎,牛膝,6.0
化阴煎,猪苓,6.0
化阴煎,泽泻,6.0
化阴煎,生黄柏,6.0
化阴煎,生知母,6.0
化阴煎,绿豆,9.0
化阴煎,龙胆草,1.5
化阴煎,车前子,3.0
石韦散,毛石韦,60.0
石韦散,瞿麦,30.0
石韦散,滑石,150.0
石韦散,车前子,90.0
石韦散,冬葵子,60.0
五淋散,赤茯苓,180.0
五淋散,芦当归,150.0
五淋散,甘草生,150.0
五淋散,芦赤芍,600.0
五淋散,山栀子仁,600.0
千金鲤鱼汤,鲤鱼,150.0
千金鲤鱼汤,白术,150.0
千金鲤鱼汤,茯苓,120.0
千金鲤鱼汤,芍药,90.0
千金鲤鱼汤,当归,90.0
千金鲤鱼汤,生姜,90.0
茵陈五苓散,茵陈,159.0
茵陈五苓散,泽泻,30.0
茵陈五苓散,猪苓,9.0
茵陈五苓散,茯苓,9.0
茵陈五苓散,白术,9.0
茵陈五苓散,桂心,6.0
通关丸,黄柏,30.0
通关丸,知母,30.0
通关丸,肉桂,1.5
五皮散,生姜皮,20.0
五皮散,桑白皮,20.0
五皮散,陈橘皮,20.0
五皮散,大腹皮,20.0
五皮散,茯苓皮,20.0
导水茯苓汤,赤茯苓,90.0
导水茯苓汤,麦门冬,90.0
导水茯苓汤,泽泻,90.0
导水茯苓汤,白术,90.0
导水茯苓汤,桑白皮,30.0
导水茯苓汤,大腹皮,22.5
导水茯苓汤,紫苏,30.0
导水茯苓汤,槟榔,30.0
导水茯苓汤,陈皮,22.5
导水茯苓汤,木瓜,30.0
导水茯苓汤,木香,22.5
导水茯苓汤,砂仁,22.5
甘草干姜茯苓白术汤,甘草,6.0
甘草干姜茯苓白术汤,白术,6.0
甘草干姜茯苓白术汤,干姜,12.0
甘草干姜茯苓白术汤,茯苓,12.0
钱氏白术散,人参,7.5
钱氏白术散,白术,15.0
钱氏白术散,藿香叶,15.0
钱氏白术散,茯苓,15.0
钱氏白术散,木香,6.0
钱氏白术散,甘草,3.0
钱氏白术散,葛根,15.0
实脾散,炮附子,6.0
实脾散,白术,6.0
实脾散,白茯苓,6.0
实脾散,干姜,6.0
实脾散,厚朴,6.0
实脾散,木瓜,6.0
实脾散,木香,6.0
实脾散,草果仁,6.0
实脾散,大腹子,6.0
实脾散,甘草,3.0
实脾散,生姜,20.0
实脾散,大枣,20.0
防己茯苓汤,防己,9.0
防己茯苓汤,黄芪,9.0
防己茯苓汤,桂枝,9.0
防己茯苓汤,茯苓,18.0
防己茯苓汤,甘草,6.0
胃苓汤,苍术,20.0
胃苓汤,陈皮,20.0
胃苓汤,厚朴,20.0
胃苓汤,茯苓,20.0
胃苓汤,猪苓,20.0
胃苓汤,泽泻,20.0
胃苓汤,官桂,20.0
胃苓汤,白术,20.0
胃苓汤,甘草,20.0
猪苓汤,猪苓,9.0
猪苓汤,茯苓,9.0
猪苓汤,泽泻,9.0
猪苓汤,滑石,9.0
猪苓汤,阿胶,9.0
四苓散,茯苓,20.0
四苓散,猪苓,20.0
四苓散,泽泻,20.0
四苓散,白术,20.0
小活络丹,制川乌,180.0
小活络丹,制草乌,180.0
小活络丹,制南星,180.0
小活络丹,地龙,180.0
小活络丹,没药,66.0
大活络丹,白花蛇,60.0
大活络丹,乌梢蛇,15.0
大活络丹,麻黄,60.0
大活络丹,全蝎,45.0
大活络丹,两头尖,60.0
大活络丹,赤芍,30.0
大活络丹,贯众,60.0
大活络丹,防风,75.0
大活络丹,葛根,15.0
大活络丹,没药,30.0
大活络丹,血竭,23.0
大活络丹,朱砂,30.0
大活络丹,乌犀屑,15.0
大活络丹,地龙,15.0
大活络丹,甘草,60.0
大活络丹,丁香,30.0
大活络丹,白僵蚕,30.0
大活络丹,麝香,15.0
大活络丹,片脑,5.0
大活络丹,官桂,60.0
大活络丹,草豆蔻,60.0
大活络丹,川羌活,60.0
大活络丹,虎胫骨,30.0
大活络丹,玄参,30.0
大活络丹,牛黄,5.0
大活络丹,威灵山,5.0
大活络丹,天麻,60.0
大活络丹,藿香,60.0
大活络丹,天竺黄,30.0
大活络丹,败龟板,30.0
大活络丹,人参,30.0
大活络丹,何首乌,60.0
大活络丹,白芷,60.0
大活络丹,乌药,30.0
大活络丹,安息香,30.0
大活络丹,青皮,30.0
大活络丹,黑附子,30.0
大活络丹,香附,30.0
大活络丹,白豆蔻,30.0
大活络丹,黄连,60.0
大活络丹,茯苓,30.0
大活络丹,黄芩,60.0
大活络丹,白术,30.0
大活络丹,熟地黄,60.0
大活络丹,松香脂,15.0
大活络丹,大黄,60.0
大活络丹,当归,45.0
大活络丹,木香,60.0
大活络丹,沉香,30.0
大秦艽汤,秦艽,90.0
大秦艽汤,川芎,60.0
大秦艽汤,独活,60.0
大秦艽汤,当归,60.0
大秦艽汤,白芍,60.0
大秦艽汤,石膏,60.0
大秦艽汤,甘草,60.0
大秦艽汤,羌活,30.0
大秦艽汤,防风,30.0
大秦艽汤,白芷,30.0
大秦艽汤,黄芩,30.0
大秦艽汤,白术,30.0
大秦艽汤,茯苓,30.0
大秦艽汤,生地黄,30.0
大秦艽汤,熟地黄,30.0
宣痹汤,防己,15.0
宣痹汤,杏仁,15.0
宣痹汤,滑石,15.0
宣痹汤,连翘,9.0
宣痹汤,栀子,9.0
宣痹汤,薏苡仁,15.0
宣痹汤,半夏醋,9.0
宣痹汤,晚蚕沙,9.0
宣痹汤,赤小豆皮,9.0
身痛逐瘀汤,秦艽,3.0
身痛逐瘀汤,川芎,6.0
身痛逐瘀汤,桃仁,9.0
身痛逐瘀汤,红花,9.0
身痛逐瘀汤,甘草,6.0
身痛逐瘀汤,羌活,3.0
身痛逐瘀汤,没药,6.0
身痛逐瘀汤,当归,9.0
身痛逐瘀汤,五灵脂,6.0
身痛逐瘀汤,香附,3.0
身痛逐瘀汤,牛膝,9.0
身痛逐瘀汤,地龙,6.0
薏苡仁汤,薏苡仁,15.0
薏苡仁汤,当归,9.0
薏苡仁汤,川芎,9.0
薏苡仁汤,生姜,9.0
薏苡仁汤,桂枝,9.0
薏苡仁汤,羌活,9.0
薏苡仁汤,独活,9.0
薏苡仁汤,防风,9.0
薏苡仁汤,白术,9.0
薏苡仁汤,草乌,9.0
薏苡仁汤,川乌,9.0
薏苡仁汤,麻黄,5.0
防风汤,防风,30.0
防风汤,甘草,30.0
防风汤,当归,30.0
防风汤,赤茯苓,30.0
防风汤,杏仁,30.0
防风汤,桂枝,30.0
防风汤,黄芩,9.0
防风汤,秦艽,9.0
防风汤,葛根,9.0
防风汤,麻黄,15.0
桂枝芍药知母汤,桂枝,120.0
桂枝芍药知母汤,芍药,90.0
桂枝芍药知母汤,甘草,60.0
桂枝芍药知母汤,麻黄,60.0
桂枝芍药知母汤,知母,90.0
桂枝芍药知母汤,生姜,150.0
桂枝芍药知母汤,白术,150.0
桂枝芍药知母汤,防风,120.0
桂枝芍药知母汤,附子,10.0
白术附子汤,附子,9.0
白术附子汤,白术,12.0
白术附子汤,生姜,9.0
白术附子汤,甘草,6.0
白术附子汤,大枣,60.0
黄芪桂枝五物汤,黄芪,9.0
黄芪桂枝五物汤,桂枝,9.0
黄芪桂枝五物汤,芍药,9.0
黄芪桂枝五物汤,生姜,18.0
黄芪桂枝五物汤,大枣,50.0
五痹汤,片姜黄,30.0
五痹汤,甘草,15.0
五痹汤,羌活,30.0
五痹汤,白术,30.0
五痹汤,防己,30.0
蠲痹汤,当归,30.0
蠲痹汤,羌活,30.0
蠲痹汤,姜黄,30.0
蠲痹汤,黄芪,30.0
蠲痹汤,白芍,30.0
蠲痹汤,防风,30.0
蠲痹汤,甘草,15.0
附子汤,附子,10.0
附子汤,茯苓,90.0
附子汤,人参,60.0
附子汤,白术,120.0
附子汤,芍药,90.0
安冲汤,白术,18.0
安冲汤,生黄芪,18.0
安冲汤,生龙骨,18.0
安冲汤,生牡蛎,18.0
安冲汤,大生地,18.0
安冲汤,生杭芍,9.0
安冲汤,海螵蛸,12.0
安冲汤,茜草,9.0
安冲汤,川续断,12.0
苎根汤,苎麻根,15.0
苎根汤,干地黄,15.0
苎根汤,当归,9.0
苎根汤,芍药,9.0
苎根汤,阿胶,9.0
苎根汤,甘草,9.0
过期饮,当归,6.0
过期饮,白芍,6.0
过期饮,熟地黄,6.0
过期饮,香附,6.0
过期饮,川芎,3.0
过期饮,红花,2.0
过期饮,桃仁,2.0
过期饮,莪术,5.0
过期饮,木通,5.0
过期饮,甘草,1.0
过期饮,肉桂,1.0
四乌鲗骨一芦茹丸,乌贼骨,20.0
四乌鲗骨一芦茹丸,茜草,20.0
胶艾汤,川芎,20.0
胶艾汤,烊化阿胶,20.0
柏叶汤,侧柏叶,15.0
柏叶汤,干姜,6.0
柏叶汤,艾叶,6.0
崩证极验方,生地黄,15.0
崩证极验方,白芍,9.0
崩证极验方,黄芩,9.0
崩证极验方,黄连,6.0
崩证极验方,牡丹皮,9.0
崩证极验方,焦山栀,9.0
崩证极验方,莲须,9.0
崩证极验方,地榆,12.0
崩证极验方,牡蛎,30.0
崩证极验方,甘草,9.0
清经散,牡丹皮,9.0
清经散,地骨皮,15.0
清经散,白芍,9.0
清经散,熟地黄,6.0
清经散,青蒿,6.0
清经散,茯苓,3.0
清经散,盐水,5.0
清经散,黄柏,5.0
荆芩四物汤,生地黄,15.0
荆芩四物汤,当归,9.0
荆芩四物汤,川芎,6.0
荆芩四物汤,白芍,9.0
荆芩四物汤,荆芥,9.0
荆芩四物汤,黄芩,9.0
四物加黄芩黄连汤,生地黄,15.0
四物加黄芩黄连汤,当归,9.0
四物加黄芩黄连汤,白芍,9.0
四物加黄芩黄连汤,川芎,8.0
四物加黄芩黄连汤,黄芩,9.0
四物加黄芩黄连汤,黄连,6.0
咳血方,水飞青黛,6.0
咳血方,诃子,6.0
咳血方,油瓜蒌仁,9.0
咳血方,海浮石,9.0
咳血方,黑栀子,9.0
四生丸,生荷叶,20.0
四生丸,生艾叶,20.0
四生丸,生柏叶,20.0
四生丸,生地黄,20.0
除风益损汤,熟地黄,6.0
除风益损汤,当归,6.0
除风益损汤,白芍,6.0
除风益损汤,川芎,6.0
除风益损汤,藁本,5.0
除风益损汤,前胡,5.0
除风益损汤,防风,5.0
跌打丸,没药,20.0
跌打丸,麻黄,20.0
跌打丸,自然铜,20.0
跌打丸,当归,20.0
跌打丸,川芎,20.0
跌打丸,土鳖虫,20.0
跌打丸,血竭,20.0
跌打丸,马钱子,20.0
跌打丸,麝香,20.0
理冲汤,生山药,15.0
理冲汤,天花粉,12.0
理冲汤,知母,12.0
理冲汤,黄芪,9.0
理冲汤,三棱,9.0
理冲汤,莪术,9.0
理冲汤,鸡内金,9.0
理冲汤,党参,6.0
理冲汤,白术,6.0
通瘀煎,当归尾,0.0
通瘀煎,山楂,6.0
通瘀煎,香附,6.0
通瘀煎,红花,6.0
通瘀煎,乌药,4.5
通瘀煎,青皮,1.5
通瘀煎,木香,2.1
通瘀煎,泽泻,1.5
温经汤,吴茱萸,90.0
温经汤,麦门冬,90.0
温经汤,当归,60.0
温经汤,芍药,60.0
温经汤,川芎,60.0
温经汤,人参,60.0
温经汤,桂枝,60.0
温经汤,阿胶,60.0
温经汤,心牡丹皮,60.0
温经汤,生姜,60.0
温经汤,甘草,60.0
温经汤,半夏,60.0
宫外孕方,号方：丹参,15.0
宫外孕方,赤芍,15.0
宫外孕方,桃仁,9.0
桂枝茯苓丸,桂枝,20.0
桂枝茯苓丸,茯苓,20.0
桂枝茯苓丸,牡丹皮,20.0
桂枝茯苓丸,桃仁,20.0
桂枝茯苓丸,芍药,20.0
鳖甲煎丸,鳖甲,3.5999999999999996
鳖甲煎丸,赤硝,3.5999999999999996
鳖甲煎丸,蜣螂,1.7999999999999998
鳖甲煎丸,芍药,1.5
鳖甲煎丸,牡丹,1.5
鳖甲煎丸,土蟞虫,1.5
鳖甲煎丸,蜂巢,1.2
鳖甲煎丸,乌扇,0.8999999999999999
鳖甲煎丸,柴胡,0.8999999999999999
鳖甲煎丸,黄芩,0.8999999999999999
鳖甲煎丸,鼠妇,0.8999999999999999
鳖甲煎丸,干姜,0.8999999999999999
鳖甲煎丸,大黄,0.8999999999999999
鳖甲煎丸,桂枝,0.8999999999999999
鳖甲煎丸,厚朴,0.8999999999999999
鳖甲煎丸,石韦,0.8999999999999999
鳖甲煎丸,紫葳,0.8999999999999999
鳖甲煎丸,阿胶,0.8999999999999999
鳖甲煎丸,瞿麦,0.6
鳖甲煎丸,桃仁,0.6
鳖甲煎丸,葶苈,0.3
鳖甲煎丸,半夏人参,0.3
大黄蛰虫丸,大黄,3.0
大黄蛰虫丸,黄芩,60.0
大黄蛰虫丸,甘草,90.0
大黄蛰虫丸,桃仁,24.0
大黄蛰虫丸,杏仁,24.0
大黄蛰虫丸,芍药,120.0
大黄蛰虫丸,干地黄,300.0
大黄蛰虫丸,干漆,30.0
大黄蛰虫丸,虻虫,24.0
大黄蛰虫丸,水蛭,0.0
大黄蛰虫丸,蛴螬,24.0
大黄蛰虫丸,蛰虫,12.0
复方当归注射液,当归,20.0
复方当归注射液,川芎,20.0
复方当归注射液,红花,20.0
复方丹参注射液,丹参,20.0
复方丹参注射液,降香,20.0
丹参饮,丹参,30.0
丹参饮,檀香,1.5
丹参饮,砂仁,1.5
柴胡细辛汤,柴胡,6.0
柴胡细辛汤,土鳖虫,9.0
柴胡细辛汤,丹参,9.0
柴胡细辛汤,制半夏,6.0
柴胡细辛汤,泽兰,9.0
柴胡细辛汤,当归,9.0
柴胡细辛汤,川芎,6.0
柴胡细辛汤,薄荷,6.0
柴胡细辛汤,黄连,3.0
活络效灵丹,当归,9.0
活络效灵丹,丹参,9.0
活络效灵丹,没药,9.0
当归拈痛汤,羌活,15.0
当归拈痛汤,甘草,15.0
当归拈痛汤,茵陈,15.0
当归拈痛汤,防风,9.0
当归拈痛汤,苍术,9.0
当归拈痛汤,当归身,9.0
当归拈痛汤,知母,9.0
当归拈痛汤,猪苓,9.0
当归拈痛汤,泽泻,9.0
当归拈痛汤,升麻,3.0
当归拈痛汤,白术,3.0
当归拈痛汤,黄芩,3.0
当归拈痛汤,葛根,6.0
当归拈痛汤,人参,6.0
当归拈痛汤,苦参,6.0
失笑散,五灵脂,20.0
失笑散,蒲黄,20.0
当归饮子,当归,30.0
当归饮子,白芍,30.0
当归饮子,川芎,30.0
当归饮子,生地黄,30.0
当归饮子,白蒺藜,30.0
当归饮子,防风,30.0
当归饮子,荆芥穗,30.0
当归饮子,何首乌,15.0
当归饮子,黄芪,15.0
当归饮子,甘草,15.0
桃红饮,桃仁,9.0
桃红饮,红花,9.0
桃红饮,当归尾,9.0
桃红饮,川芎,9.0
桃红饮,威灵仙,9.0
脱花煎,当归,15.0
脱花煎,川芎,9.0
脱花煎,牛膝,9.0
脱花煎,车前子,6.0
脱花煎,肉桂,3.0
脱花煎,红花,6.0
抵当汤,水蛭,150.0
抵当汤,虻虫,150.0
抵当汤,桃仁,100.0
抵当汤,大黄,90.0
通窍活血汤,赤芍,3.0
通窍活血汤,川芎,3.0
通窍活血汤,桃仁,6.0
通窍活血汤,红花,9.0
通窍活血汤,生姜,9.0
通窍活血汤,麝香,0.15
通窍活血汤,老葱,20.0
通窍活血汤,大枣,20.0
会厌逐瘀汤,桃仁,9.0
会厌逐瘀汤,红花,6.0
会厌逐瘀汤,生地黄,12.0
会厌逐瘀汤,当归,9.0
会厌逐瘀汤,赤芍,9.0
会厌逐瘀汤,枳壳,6.0
会厌逐瘀汤,桔梗,3.0
会厌逐瘀汤,柴胡,6.0
会厌逐瘀汤,玄参,9.0
会厌逐瘀汤,甘草,3.0
少腹逐瘀汤,小茴香,20.0
少腹逐瘀汤,干姜,0.6
少腹逐瘀汤,延胡索,3.0
少腹逐瘀汤,官桂,3.0
少腹逐瘀汤,没药,3.0
少腹逐瘀汤,川芎,3.0
少腹逐瘀汤,赤芍,6.0
少腹逐瘀汤,五灵脂,6.0
少腹逐瘀汤,蒲黄,9.0
少腹逐瘀汤,当归,9.0
桃红四物汤,白芍,9.0
桃红四物汤,川当归,9.0
桃红四物汤,熟地黄,9.0
桃红四物汤,川芎,9.0
桃红四物汤,桃仁,9.0
桃红四物汤,红花,6.0
橘皮竹茹汤,橘皮,12.0
橘皮竹茹汤,竹茹,12.0
橘皮竹茹汤,大枣,25.0
橘皮竹茹汤,生姜,9.0
橘皮竹茹汤,甘草,6.0
橘皮竹茹汤,人参,3.0
小半夏汤,半夏,24.0
小半夏汤,生姜,250.0
暖肝煎,当归,6.0
暖肝煎,枸杞,9.0
暖肝煎,乌药,6.0
暖肝煎,小茴香,6.0
暖肝煎,茯苓,6.0
暖肝煎,沉香,3.0
暖肝煎,肉桂,3.0
暖肝煎,生姜,20.0
橘核丸,橘核,30.0
橘核丸,海藻,30.0
橘核丸,昆布,30.0
橘核丸,海带,30.0
橘核丸,川楝子,30.0
橘核丸,桃仁,30.0
橘核丸,厚朴,15.0
橘核丸,木通,15.0
橘核丸,枳实,15.0
橘核丸,延胡索,15.0
橘核丸,肉桂,15.0
橘核丸,木香,15.0
天台乌药散,乌药,15.0
天台乌药散,木香,15.0
天台乌药散,茴香,15.0
天台乌药散,青橘皮,15.0
天台乌药散,高良姜,15.0
天台乌药散,槟榔,10.0
天台乌药散,川楝子,50.0
四磨汤,人参,20.0
四磨汤,槟榔,20.0
四磨汤,沉香,20.0
四磨汤,天台乌药,20.0
金铃子散,金铃子,30.0
金铃子散,玄胡索,30.0
失笑丸,干姜,6.0
失笑丸,甘草,6.0
失笑丸,麦芽,6.0
失笑丸,白茯苓,6.0
失笑丸,白术,6.0
失笑丸,半夏,9.0
失笑丸,人参,9.0
失笑丸,厚朴,12.0
失笑丸,枳实,15.0
失笑丸,黄连,15.0
黄连汤,黄连,90.0
黄连汤,半夏,12.0
黄连汤,甘草,30.0
黄连汤,干姜,30.0
黄连汤,桂枝,30.0
黄连汤,人参,60.0
黄连汤,大枣,50.0
芍药甘草汤,芍药,120.0
芍药甘草汤,甘草,120.0
柴胡加龙骨牡蛎汤,柴胡,120.0
柴胡加龙骨牡蛎汤,龙骨,15.0
柴胡加龙骨牡蛎汤,生姜,15.0
柴胡加龙骨牡蛎汤,人参,15.0
柴胡加龙骨牡蛎汤,皮桂枝,15.0
柴胡加龙骨牡蛎汤,茯苓,15.0
柴胡加龙骨牡蛎汤,半夏,3.0
柴胡加龙骨牡蛎汤,黄芩,30.0
柴胡加龙骨牡蛎汤,铅丹,15.0
柴胡加龙骨牡蛎汤,大黄,60.0
柴胡加龙骨牡蛎汤,熬牡蛎,15.0
柴胡加龙骨牡蛎汤,大枣,20.0
己椒苈黄丸,防己,30.0
己椒苈黄丸,椒目,30.0
己椒苈黄丸,熬葶苈,30.0
己椒苈黄丸,大黄,30.0
禹功散,头末黑牵牛,120.0
禹功散,茴香,30.0
疏凿饮子,泽泻,12.0
疏凿饮子,赤小豆,15.0
疏凿饮子,商陆,6.0
疏凿饮子,芦羌活,9.0
疏凿饮子,大腹皮,15.0
疏凿饮子,椒目,9.0
疏凿饮子,木通,12.0
疏凿饮子,芦秦艽,9.0
疏凿饮子,槟榔,9.0
疏凿饮子,茯苓皮,30.0
通幽汤,桃仁泥,0.3
通幽汤,红花,0.3
通幽汤,生地黄,1.5
通幽汤,熟地黄,1.5
通幽汤,当归身,3.0
通幽汤,甘草,3.0
通幽汤,升麻,3.0
济川煎,当归,15.0
济川煎,牛膝,20.0
济川煎,肉苁蓉,7.5
济川煎,泽泻,1.5
济川煎,升麻,3.6
济川煎,枳壳,3.0
济川煎,虚甚者,3.0
五仁丸,桃仁,15.0
五仁丸,杏仁,30.0
五仁丸,皮尖,30.0
五仁丸,柏子仁,3.75
五仁丸,郁李仁,3.0
五仁丸,松子仁,3.0
五仁丸,陈皮另,120.0
新加黄龙汤,生地黄,15.0
新加黄龙汤,生甘草,6.0
新加黄龙汤,人参,20.0
新加黄龙汤,生大黄,9.0
新加黄龙汤,芒硝,3.0
新加黄龙汤,玄参,15.0
新加黄龙汤,连心麦门冬,15.0
新加黄龙汤,当归,4.5
新加黄龙汤,海参,20.0
新加黄龙汤,姜汁,20.0
温脾汤,大黄,120.0
温脾汤,附子大者,5.0
温脾汤,干姜,60.0
温脾汤,人参,60.0
温脾汤,甘草,60.0
增液承气汤,生地黄,24.0
增液承气汤,麦门冬,24.0
增液承气汤,大黄,9.0
增液承气汤,芒硝,4.5
增液承气汤,玄参,30.0
开胸顺气丸,槟榔,20.0
开胸顺气丸,牵牛子,20.0
开胸顺气丸,陈皮,20.0
开胸顺气丸,木香,20.0
开胸顺气丸,姜制厚朴,20.0
开胸顺气丸,醋制三棱,20.0
开胸顺气丸,醋制莪术,20.0
开胸顺气丸,猪牙皂,20.0
木香槟榔丸,木香,30.0
木香槟榔丸,槟榔,30.0
木香槟榔丸,青皮,30.0
木香槟榔丸,陈皮,30.0
木香槟榔丸,莪术,30.0
木香槟榔丸,烧枳壳,30.0
木香槟榔丸,黄连,30.0
木香槟榔丸,黄柏,30.0
木香槟榔丸,大黄,15.0
木香槟榔丸,香附子,60.0
木香槟榔丸,牵牛末,60.0
宣白承气汤,生石膏,15.0
宣白承气汤,生大黄,9.0
宣白承气汤,杏仁粉,6.0
宣白承气汤,栝楼皮,4.5
大黄甘草汤,大黄,15.0
大黄甘草汤,甘草,15.0
大陷胸汤,大黄,180.0
大陷胸汤,芒硝,24.0
大陷胸汤,甘遂,20.0
桃核承气汤,桃核,250.0
桃核承气汤,大黄,120.0
桃核承气汤,桂枝,60.0
桃核承气汤,甘草,60.0
桃核承气汤,芒硝,60.0
厚朴三物汤,厚朴,240.0
厚朴三物汤,大黄,120.0
厚朴三物汤,枳实,25.0
当归六黄汤,当归,6.0
当归六黄汤,生地黄,6.0
当归六黄汤,黄芩,6.0
当归六黄汤,黄柏,6.0
当归六黄汤,黄连,6.0
当归六黄汤,熟地黄,6.0
当归六黄汤,黄芪,12.0
当归六黄汤,一倍,12.0
柴前梅连散,柴胡,3.0
柴前梅连散,前胡,3.0
柴前梅连散,胡黄连,3.0
柴前梅连散,乌梅,3.0
秦艽鳖甲散,柴胡,30.0
秦艽鳖甲散,鳖甲,30.0
秦艽鳖甲散,地骨皮,30.0
秦艽鳖甲散,秦艽,15.0
秦艽鳖甲散,当归,15.0
秦艽鳖甲散,知母,15.0
清骨散,银柴胡,4.5
清骨散,胡黄连,3.0
清骨散,秦艽,3.0
清骨散,鳖甲,3.0
清骨散,地骨皮,3.0
清骨散,青蒿,3.0
清骨散,知母,3.0
清骨散,甘草,1.5
清肾汤,知母,12.0
清肾汤,黄柏,12.0
清肾汤,龙骨,12.0
清肾汤,牡蛎,12.0
清肾汤,白芍,12.0
清肾汤,山药,12.0
清肾汤,乌贼骨,6.0
清肾汤,茜草,6.0
清肾汤,泽泻,5.0
蒿芩清胆汤,青蒿脑钱,6.0
蒿芩清胆汤,淡竹茹,9.0
蒿芩清胆汤,仙半夏,1.5
蒿芩清胆汤,赤茯苓,9.0
蒿芩清胆汤,青子芩钱,9.0
蒿芩清胆汤,生枳壳钱半,5.0
蒿芩清胆汤,广陈皮,1.5
蒿芩清胆汤,碧玉散,9.0
清心莲子饮,黄芩,9.0
清心莲子饮,麦门冬,9.0
清心莲子饮,地骨皮,9.0
清心莲子饮,车前子,9.0
清心莲子饮,石莲肉,9.0
清心莲子饮,茯苓,9.0
清心莲子饮,黄芪,9.0
清心莲子饮,人参,6.0
清心莲子饮,甘草,1.5
清宫汤,玄参心,9.0
清宫汤,莲子心,1.5
清宫汤,竹叶卷心,6.0
清宫汤,连翘心,6.0
清宫汤,犀角尖,6.0
清宫汤,连心麦门冬,9.0
固真汤,升麻,3.0
固真汤,柴胡,3.0
固真汤,羌活,3.0
固真汤,甘草,1.5
固真汤,泽泻,1.5
固真汤,草龙胆,6.0
固真汤,知母,6.0
固真汤,黄柏,6.0
三豆饮子,赤小豆,24.0
三豆饮子,黑豆,24.0
三豆饮子,绿豆,24.0
三豆饮子,甘草,30.0
清燥汤,黄芪,4.5
清燥汤,陈皮,1.5
清燥汤,白术,1.5
清燥汤,泽泻,1.5
清燥汤,茯苓,0.8999999999999999
清燥汤,升麻,0.8999999999999999
清燥汤,甘草,0.6
清燥汤,麦门冬,0.6
清燥汤,当归,0.6
清燥汤,生地,0.6
清燥汤,黄神曲,0.6
清燥汤,猪苓,0.6
清燥汤,柴胡,0.3
清燥汤,黄柏,0.3
清燥汤,黄连,0.3
清燥汤,苍术,0.3
二妙散,黄柏,15.0
二妙散,苍术,15.0
当归贝母苦参丸,当归,120.0
当归贝母苦参丸,贝母,120.0
当归贝母苦参丸,苦参,120.0
葛根黄芩黄连汤,葛根,250.0
葛根黄芩黄连汤,甘草,60.0
葛根黄芩黄连汤,黄芩,90.0
葛根黄芩黄连汤,黄连,90.0
清瘟败毒饮,生石膏,120.0
清瘟败毒饮,中剂,120.0
清瘟败毒饮,小剂,60.0
清瘟败毒饮,生地黄,15.0
清瘟败毒饮,黄连,12.0
清瘟败毒饮,栀子,9.0
清瘟败毒饮,桔梗,1.5
清瘟败毒饮,黄芩,9.0
清瘟败毒饮,知母,9.0
清瘟败毒饮,赤芍,9.0
清瘟败毒饮,玄参,9.0
清瘟败毒饮,连翘,9.0
清瘟败毒饮,竹叶,6.0
清瘟败毒饮,甘草,1.5
清瘟败毒饮,丹皮,9.0
化斑汤,石膏,30.0
化斑汤,知母,12.0
化斑汤,廿草,9.0
化斑汤,玄参,9.0
化斑汤,犀角,6.0
化斑汤,白粳米,3.0
神犀丹,犀角,180.0
神犀丹,生地黄,500.0
神犀丹,香豉,240.0
神犀丹,连翘,300.0
神犀丹,黄芩,180.0
神犀丹,板蓝根,270.0
神犀丹,金银花,500.0
神犀丹,元参,210.0
神犀丹,花粉,120.0
神犀丹,石菖蒲,180.0
神犀丹,紫草,120.0
三物黄芩汤,黄芩,60.0
三物黄芩汤,苦参,60.0
三物黄芩汤,干地黄,120.0
清络饮,鲜荷叶边,6.0
清络饮,鲜金银花,6.0
清络饮,西瓜翠衣,6.0
清络饮,鲜扁豆花,0.0
清络饮,丝瓜皮,6.0
清络饮,鲜竹叶心,6.0
连附六一汤,黄连,18.0
连附六一汤,附子,3.0
连附六一汤,生姜,20.0
连附六一汤,红枣,20.0
清凉涤暑法,滑石,9.0
清凉涤暑法,连翘,9.0
清凉涤暑法,茯苓,9.0
清凉涤暑法,生甘草,2.4
清凉涤暑法,青蒿,1.5
清凉涤暑法,白扁豆,3.0
清凉涤暑法,通草,3.0
清凉涤暑法,西瓜翠衣,20.0
竹叶石膏汤,竹叶,0.0
竹叶石膏汤,石膏,500.0
竹叶石膏汤,半夏,12.0
竹叶石膏汤,人参,90.0
竹叶石膏汤,甘草,60.0
竹叶石膏汤,粳米,20.0
竹叶石膏汤,麦门冬,20.0
栀子豉汤,栀子,70.0
栀子豉汤,香豉,12.0
石膏汤,生石膏,60.0
石膏汤,黄连,60.0
石膏汤,黄柏,60.0
石膏汤,黄芩,60.0
石膏汤,香豉,24.0
石膏汤,麻黄,90.0
大金花丸,黄连,20.0
大金花丸,黄芩,20.0
大金花丸,黄柏,20.0
大金花丸,栀子,20.0
大金花丸,生大黄,20.0
白虎加人参汤,知母,180.0
白虎加人参汤,石膏,500.0
白虎加人参汤,甘草,60.0
白虎加人参汤,粳米,18.0
白虎加人参汤,人参,90.0
桂枝加大黄汤,桂枝,90.0
桂枝加大黄汤,白芍药,180.0
桂枝加大黄汤,生姜,90.0
桂枝加大黄汤,大黄,60.0
桂枝加大黄汤,大枣,60.0
桂枝加大黄汤,甘草,60.0
小续命汤,麻黄,30.0
小续命汤,防己,30.0
小续命汤,人参,30.0
小续命汤,黄芩,30.0
小续命汤,桂心,30.0
小续命汤,甘草,30.0
小续命汤,芍药,30.0
小续命汤,川芎,30.0
小续命汤,杏仁,30.0
小续命汤,附子,5.0
小续命汤,防风,15.0
小续命汤,生姜,150.0
再造散,黄芪,6.0
再造散,人参,3.0
再造散,桂枝,3.0
再造散,甘草,3.0
再造散,熟附子,3.0
再造散,羌活,3.0
再造散,防风,3.0
再造散,川芎,3.0
再造散,煨生姜,3.0
参苏饮,人参,0.8999999999999999
参苏饮,紫苏叶,0.8999999999999999
参苏饮,干葛,0.8999999999999999
参苏饮,半夏,0.8999999999999999
参苏饮,前胡,0.8999999999999999
参苏饮,茯苓,0.8999999999999999
参苏饮,枳壳,15.0
参苏饮,桔梗,15.0
参苏饮,木香,15.0
参苏饮,陈皮,15.0
参苏饮,甘草,15.0
宣毒发表汤,升麻,3.0
宣毒发表汤,葛根,3.0
宣毒发表汤,牛蒡子,5.0
宣毒发表汤,连翘,5.0
宣毒发表汤,前胡,5.0
宣毒发表汤,杏仁,6.0
宣毒发表汤,木通,3.0
宣毒发表汤,竹叶,2.0
宣毒发表汤,防风,3.0
宣毒发表汤,荆芥,3.0
宣毒发表汤,桔梗,3.0
宣毒发表汤,薄荷,3.0
宣毒发表汤,甘草,2.0
竹叶柳蒡汤,西河柳,15.0
竹叶柳蒡汤,荆芥穗钱,3.0
竹叶柳蒡汤,干葛,4.5
竹叶柳蒡汤,蝉蜕,3.0
竹叶柳蒡汤,薄荷叶,3.0
竹叶柳蒡汤,鼠粘子,4.5
竹叶柳蒡汤,知母,3.0
竹叶柳蒡汤,玄参,6.0
竹叶柳蒡汤,甘草,3.0
竹叶柳蒡汤,麦门冬,9.0
竹叶柳蒡汤,竹叶,900.0
竹叶柳蒡汤,甚者,15.0
竹叶柳蒡汤,石膏,15.0
竹叶柳蒡汤,冬米,10.0
升麻葛根汤,升麻,300.0
升麻葛根汤,白芍,300.0
升麻葛根汤,甘草,300.0
升麻葛根汤,葛根,450.0
菊花茶调散,菊花,60.0
菊花茶调散,川芎,60.0
菊花茶调散,荆芥穗,60.0
菊花茶调散,羌活,60.0
菊花茶调散,甘草,60.0
菊花茶调散,白芷,60.0
菊花茶调散,防风,15.0
菊花茶调散,僵蚕,15.0
菊花茶调散,蝉蜕,15.0
菊花茶调散,薄荷,15.0
辛夷散,辛夷,20.0
辛夷散,藁本,20.0
辛夷散,升麻,20.0
辛夷散,川芎,20.0
辛夷散,木通,20.0
辛夷散,防风,20.0
辛夷散,羌活,20.0
辛夷散,甘草,20.0
辛夷散,白芷,20.0
清上蠲痛汤,当归,3.0
清上蠲痛汤,川芎,3.0
清上蠲痛汤,白芷,3.0
清上蠲痛汤,羌活,3.0
清上蠲痛汤,防风,3.0
清上蠲痛汤,苍术,3.0
清上蠲痛汤,麦门冬,3.0
清上蠲痛汤,独活,3.0
清上蠲痛汤,甘草,0.8999999999999999
清上蠲痛汤,蔓荆子,1.5
清上蠲痛汤,菊花,1.5
清上蠲痛汤,黄芩,4.5
散偏汤,白芍,15.0
散偏汤,川芎,30.0
散偏汤,郁李仁,3.0
散偏汤,柴胡,3.0
散偏汤,白芥子,9.0
散偏汤,香附,6.0
散偏汤,甘草,3.0
散偏汤,白芷,1.5
侯氏黑散,菊花,12.0
侯氏黑散,白术,3.0
侯氏黑散,茯苓,0.8999999999999999
侯氏黑散,牡蛎,0.8999999999999999
侯氏黑散,桔梗,2.4
侯氏黑散,防风,3.0
侯氏黑散,人参,0.8999999999999999
侯氏黑散,矾石,0.8999999999999999
侯氏黑散,黄芩,1.5
侯氏黑散,当归,0.8999999999999999
侯氏黑散,干姜,0.8999999999999999
侯氏黑散,川芎,0.8999999999999999
侯氏黑散,桂枝,0.8999999999999999
升降散,白僵蚕,6.0
升降散,蝉蜕,3.0
升降散,大黄,12.0
升降散,姜黄,9.0
桂枝加龙骨牡蛎汤,桂枝,90.0
桂枝加龙骨牡蛎汤,芍药,90.0
桂枝加龙骨牡蛎汤,生姜,90.0
桂枝加龙骨牡蛎汤,甘草,60.0
桂枝加龙骨牡蛎汤,大枣,60.0
桂枝加龙骨牡蛎汤,牡蛎,90.0
桂枝加龙骨牡蛎汤,龙骨,90.0
双解散,防风通圣散,210.0
双解散,益元散,210.0
防风通圣散,防风,15.0
防风通圣散,川芎,15.0
防风通圣散,当归,15.0
防风通圣散,芍药,15.0
防风通圣散,大黄,15.0
防风通圣散,薄荷叶,15.0
防风通圣散,麻黄,15.0
防风通圣散,连翘,15.0
防风通圣散,芒硝,15.0
防风通圣散,石膏,30.0
防风通圣散,黄芩,30.0
防风通圣散,桔梗,30.0
防风通圣散,滑石,90.0
防风通圣散,甘草,20.0
防风通圣散,荆芥,0.3
防风通圣散,白术,0.3
防风通圣散,栀子,0.3
苏羌达表汤,苏叶,12.0
苏羌达表汤,防风,3.0
苏羌达表汤,光杏仁,9.0
苏羌达表汤,羌活,20.0
苏羌达表汤,—钱半,5.0
苏羌达表汤,白芷,3.0
苏羌达表汤,广橘红,5.4
苏羌达表汤,鲜生姜,5.4
苏羌达表汤,浙茯苓皮,9.0
香薷散,香薷,500.0
香薷散,白扁豆,250.0
香薷散,厚朴,250.0
香苏散,香附子,120.0
香苏散,紫苏叶,120.0
香苏散,甘草,30.0
香苏散,陈皮,60.0
葱豉汤,葱白一虎口,375.0
葱豉汤,淡豆豉,24.0
五积散,苍术,600.0
五积散,桔梗,600.0
五积散,枳壳,180.0
五积散,陈皮,180.0
五积散,芍药,90.0
五积散,白芷,90.0
五积散,川芎,90.0
五积散,当归,90.0
五积散,甘草,90.0
五积散,肉桂,90.0
五积散,茯苓,90.0
五积散,半夏,90.0
五积散,厚朴干姜,120.0
五积散,麻黄,180.0
午时茶,茅术,300.0
午时茶,陈皮,300.0
午时茶,柴胡,300.0
午时茶,连翘,300.0
午时茶,白芷,300.0
午时茶,川朴,300.0
午时茶,枳实,300.0
午时茶,楂肉,300.0
午时茶,羌活,300.0
午时茶,前胡,300.0
午时茶,防风,300.0
午时茶,藿香,300.0
午时茶,甘草,300.0
午时茶,建曲,300.0
午时茶,川芎,300.0
午时茶,陈茶,10000.0
午时茶,桔梗,450.0
午时茶,麦芽,450.0
午时茶,苏叶,450.0
葛根汤,葛根,120.0
葛根汤,麻黄,90.0
葛根汤,桂枝,60.0
葛根汤,生姜,90.0
葛根汤,甘草,60.0
葛根汤,芍药,60.0
葛根汤,大枣,60.0
荆防败毒散,羌活,4.5
荆防败毒散,柴胡,4.5
荆防败毒散,前胡,4.5
荆防败毒散,独活,4.5
荆防败毒散,枳壳,4.5
荆防败毒散,茯苓,4.5
荆防败毒散,荆芥,4.5
荆防败毒散,防风,4.5
荆防败毒散,桔梗,4.5
荆防败毒散,川芎,4.5
荆防败毒散,甘草,1.5
柴葛解肌汤,柴胡,6.0
柴葛解肌汤,干葛,9.0
柴葛解肌汤,甘草,3.0
柴葛解肌汤,黄芩,6.0
柴葛解肌汤,羌活,3.0
柴葛解肌汤,白芷,3.0
柴葛解肌汤,芍药,6.0
柴葛解肌汤,桔梗,3.0
柴葛解肌汤,生姜,90.0
柴葛解肌汤,大枣,10.0
柴葛解肌汤,石膏,12.0
栝楼桂枝汤,栝楼根,60.0
栝楼桂枝汤,桂枝,90.0
栝楼桂枝汤,芍药,90.0
栝楼桂枝汤,甘草,60.0
栝楼桂枝汤,生姜,90.0
栝楼桂枝汤,大枣,7.5
桂枝加厚朴杏子汤,桂枝,90.0
桂枝加厚朴杏子汤,芍药,90.0
桂枝加厚朴杏子汤,生姜,90.0
桂枝加厚朴杏子汤,甘草,60.0
桂枝加厚朴杏子汤,大枣,60.0
桂枝加厚朴杏子汤,厚朴,60.0
桂枝加厚朴杏子汤,杏仁,250.0
越婢汤,麻黄,180.0
越婢汤,石膏,250.0
越婢汤,生姜,90.0
越婢汤,甘草,60.0
越婢汤,大枣,75.0
桂枝加葛根汤,桂枝,60.0
桂枝加葛根汤,芍药,60.0
桂枝加葛根汤,生姜,90.0
桂枝加葛根汤,甘草,60.0
桂枝加葛根汤,大枣,60.0
桂枝加葛根汤,葛根,120.0
桂枝加芍药汤,桂枝,90.0
桂枝加芍药汤,芍药,180.0
桂枝加芍药汤,甘草,60.0
桂枝加芍药汤,生姜,90.0
桂枝加芍药汤,大枣,60.0
麻黄附子细辛汤,麻黄,20.0
麻黄附子细辛汤,附子,5.0
补肾强身片,淫羊藿,20.0
补肾强身片,菟丝子,20.0
补肾强身片,金樱子,20.0
补肾强身片,女贞子,20.0
补肾强身片,狗脊,20.0
毓麟珠,人参,60.0
毓麟珠,白术,60.0
毓麟珠,茯苓,60.0
毓麟珠,芍药,60.0
毓麟珠,川芎,30.0
毓麟珠,甘草,30.0
毓麟珠,当归,120.0
毓麟珠,熟地黄,120.0
毓麟珠,菟丝子,120.0
毓麟珠,杜仲,60.0
毓麟珠,鹿角霜,60.0
毓麟珠,川椒,60.0
赞育丹,熟地黄,240.0
赞育丹,白术,240.0
赞育丹,当归,120.0
赞育丹,枸杞子,120.0
赞育丹,杜仲,120.0
赞育丹,仙茅,120.0
赞育丹,巴戟天,120.0
赞育丹,山茱萸,120.0
赞育丹,淫羊霍,120.0
赞育丹,肉苁蓉,120.0
赞育丹,韭菜子,120.0
赞育丹,蛇床子,60.0
赞育丹,附子,60.0
赞育丹,肉桂,60.0
菟丝子丸,菟丝子,30.0
菟丝子丸,鹿茸,30.0
菟丝子丸,石龙芮,30.0
菟丝子丸,肉桂,30.0
菟丝子丸,附子,30.0
菟丝子丸,石斛,0.8999999999999999
菟丝子丸,熟地,0.8999999999999999
菟丝子丸,黄茯苓,0.8999999999999999
菟丝子丸,牛膝,0.8999999999999999
菟丝子丸,续断,0.8999999999999999
菟丝子丸,山茱萸,0.8999999999999999
菟丝子丸,肉苁蓉,0.8999999999999999
菟丝子丸,防风,0.8999999999999999
菟丝子丸,杜仲,0.8999999999999999
菟丝子丸,补骨脂,0.8999999999999999
菟丝子丸,沉香,0.8999999999999999
菟丝子丸,巴戟天,0.8999999999999999
菟丝子丸,茴香,0.8999999999999999
菟丝子丸,五味子,15.0
菟丝子丸,桑螵蛸,15.0
菟丝子丸,川芎,15.0
菟丝子丸,覆盆子,15.0
菟丝子丸,泽泻,30.0
无比山药丸,山药,60.0
无比山药丸,肉苁蓉,120.0
无比山药丸,五味子,180.0
无比山药丸,菟丝子,90.0
无比山药丸,杜仲,90.0
无比山药丸,牛膝,30.0
无比山药丸,泽泻,30.0
无比山药丸,干地黄,30.0
无比山药丸,山茱萸,30.0
无比山药丸,茯神,30.0
无比山药丸,巴戟天,30.0
无比山药丸,赤石脂,30.0
济生肾气丸,附子炮,10.0
济生肾气丸,白茯苓,30.0
济生肾气丸,泽泻,30.0
济生肾气丸,山茱萸,30.0
济生肾气丸,山药,30.0
济生肾气丸,车前子,30.0
济生肾气丸,牡丹皮,30.0
济生肾气丸,官桂,15.0
济生肾气丸,川牛膝,15.0
济生肾气丸,熟地黄,15.0
龟鹿二仙胶,鹿角,5000.0
龟鹿二仙胶,龟甲,2500.0
龟鹿二仙胶,人参,450.0
龟鹿二仙胶,枸杞子,900.0
右归饮,熟地,7.5
右归饮,山药,6.0
右归饮,山茱萸,3.0
右归饮,枸杞,6.0
右归饮,甘草,4.5
右归饮,姜制杜仲,6.0
右归饮,肉桂,6.0
右归饮,制附子,6.0
右归丸,大怀熟地,240.0
右归丸,山药,120.0
右归丸,山茱萸,90.0
右归丸,枸杞,120.0
右归丸,珠鹿角胶,120.0
右归丸,制菟丝子,120.0
右归丸,姜汤,120.0
右归丸,杜仲,120.0
右归丸,当归,90.0
右归丸,肉桂,20.0
右归丸,制附子,20.0
全鹿丸,中鹿,500.0
全鹿丸,人参,500.0
全鹿丸,黄芪,500.0
全鹿丸,白术,500.0
全鹿丸,茯苓,500.0
全鹿丸,当归,500.0
全鹿丸,川芎,500.0
全鹿丸,生地黄,500.0
全鹿丸,熟地黄,500.0
全鹿丸,天门冬,500.0
全鹿丸,麦门冬,500.0
全鹿丸,陈皮,500.0
全鹿丸,甘草,500.0
全鹿丸,补骨脂,500.0
全鹿丸,川续断,500.0
全鹿丸,杜仲,500.0
全鹿丸,川牛膝,500.0
全鹿丸,枸杞子,500.0
全鹿丸,巴戟天,500.0
全鹿丸,胡芦巴,500.0
全鹿丸,干山药,500.0
全鹿丸,芡实子,500.0
全鹿丸,菟丝子,500.0
全鹿丸,五味子,500.0
全鹿丸,覆盆子,500.0
全鹿丸,楮实子,500.0
全鹿丸,锁阳,500.0
全鹿丸,肉苁蓉,500.0
全鹿丸,秋石,500.0
全鹿丸,川椒,250.0
全鹿丸,小茴香,250.0
全鹿丸,青盐,250.0
全鹿丸,沉香,250.0
增液汤,玄参,30.0
增液汤,麦门冬,24.0
增液汤,生地黄,24.0
五汁饮,梨汁,20.0
五汁饮,荸荠汁,20.0
五汁饮,鲜苇根汁,20.0
五汁饮,麦冬汁,20.0
五汁饮,藕汁,20.0
五汁饮,蔗汁,20.0
启膈散,沙参,9.0
启膈散,丹参,3.0
启膈散,茯苓,3.0
启膈散,川贝母,4.5
启膈散,郁金,1.5
启膈散,砂仁壳,1.2
启膈散,荷叶蒂,10.0
启膈散,杵头糠,1.5
甘露饮子,熟地黄,20.0
甘露饮子,生地黄,20.0
甘露饮子,天门冬,20.0
甘露饮子,麦门冬,20.0
甘露饮子,枇杷叶,20.0
甘露饮子,黄芩,20.0
甘露饮子,石斛,20.0
甘露饮子,枳壳,20.0
甘露饮子,甘草,20.0
甘露饮子,茵陈,20.0
益胃汤,沙参,9.0
益胃汤,麦门冬,15.0
益胃汤,冰糖,3.0
益胃汤,生地,15.0
益胃汤,香玉竹,4.5
消渴方,黄连末,6.0
消渴方,天花粉末,10.0
消渴方,汁亦,20.0
消渴方,代替,20.0
消渴方,毫升,20.0
消渴方,藕汁,20.0
消渴方,生地黄汁,20.0
玉液汤,生山药,30.0
玉液汤,生黄芪,15.0
玉液汤,知母,18.0
玉液汤,生鸡内金,6.0
玉液汤,葛根,1.5
玉液汤,五味子,9.0
玉液汤,天花粉,9.0
二冬汤,天门冬,6.0
二冬汤,麦门冬,9.0
二冬汤,天花粉,3.0
二冬汤,黄芩,3.0
二冬汤,知母,3.0
二冬汤,荷叶,3.0
二冬汤,甘草,1.5
二冬汤,人参,1.5
养阴清肺汤,大生地,6.0
养阴清肺汤,麦门冬,3.6
养阴清肺汤,玄参,1.5
养阴清肺汤,生甘草,1.5
养阴清肺汤,贝母,2.4
养阴清肺汤,牡丹皮,2.4
养阴清肺汤,薄荷,1.5
养阴清肺汤,白芍,2.4
沙参麦冬汤,沙参,10.0
沙参麦冬汤,玉竹,10.0
沙参麦冬汤,生甘草,5.0
沙参麦冬汤,桑叶,6.0
沙参麦冬汤,生扁豆,10.0
沙参麦冬汤,天花粉,10.0
沙参麦冬汤,麦门冬,10.0
一贯煎,北沙参,10.0
一贯煎,麦门冬,10.0
一贯煎,当归,10.0
一贯煎,生地黄,15.0
一贯煎,枸杞子,12.0
一贯煎,川檩子,10.0
桑麻丸,桑叶,500.0
桑麻丸,黑芝麻,120.0
桑麻丸,白蜜,500.0
虎潜丸,黄柏,250.0
虎潜丸,龟板,120.0
虎潜丸,陈皮,60.0
虎潜丸,知母,60.0
虎潜丸,熟地黄,60.0
虎潜丸,白芍药,60.0
虎潜丸,锁阳,15.0
虎潜丸,虎骨,30.0
虎潜丸,干姜,15.0
滋水清肝饮,熟地黄,10.0
滋水清肝饮,山药,10.0
滋水清肝饮,山茱萸,10.0
滋水清肝饮,牡丹皮,10.0
滋水清肝饮,茯苓,10.0
滋水清肝饮,泽泻,10.0
滋水清肝饮,白芍,10.0
滋水清肝饮,栀子,10.0
滋水清肝饮,酸枣仁,10.0
滋水清肝饮,当归,10.0
滋水清肝饮,柴胡,6.0
保阴煎,生地黄,6.0
保阴煎,熟地黄,6.0
保阴煎,芍药,6.0
保阴煎,山药,1.5
保阴煎,续断,1.5
保阴煎,黄芩,1.5
保阴煎,黄柏,1.5
保阴煎,生甘草,3.0
拯阴理劳汤,人参,6.0
拯阴理劳汤,麦门冬,12.0
拯阴理劳汤,白芍,12.0
拯阴理劳汤,生地黄,12.0
拯阴理劳汤,女贞子,12.0
拯阴理劳汤,龟板,15.0
拯阴理劳汤,当归,9.0
拯阴理劳汤,薏苡仁,9.0
拯阴理劳汤,橘红,9.0
拯阴理劳汤,牡丹皮,9.0
拯阴理劳汤,莲子肉,9.0
拯阴理劳汤,甘草,6.0
拯阴理劳汤,大枣,20.0
七宝美髯丹,赤白,500.0
七宝美髯丹,何首乌,500.0
七宝美髯丹,白茯苓,250.0
七宝美髯丹,牛膝,250.0
七宝美髯丹,当归,250.0
七宝美髯丹,枸杞,250.0
七宝美髯丹,菟丝子,250.0
七宝美髯丹,补骨脂,120.0
还少丹,熟地黄,15.0
还少丹,山药,15.0
还少丹,牛膝,15.0
还少丹,枸杞子,15.0
还少丹,山萸肉,30.0
还少丹,茯苓,30.0
还少丹,杜仲,30.0
还少丹,远志,30.0
还少丹,五味子,30.0
还少丹,石菖蒲,30.0
还少丹,楮实,30.0
还少丹,小茴香,30.0
还少丹,巴戟天,30.0
还少丹,肉苁蓉,30.0
加减复脉汤,甘草,18.0
加减复脉汤,干地黄,18.0
加减复脉汤,生白芍,18.0
加减复脉汤,麦门冬,15.0
加减复脉汤,阿胶,9.0
加减复脉汤,麻仁,9.0
左归饮,熟地黄,52.5
左归饮,山药,6.0
左归饮,枸杞,6.0
左归饮,甘草,3.0
左归饮,茯苓,1.5
左归饮,山茱萸,4.5
左归饮,畏酸者,20.0
补肾养血汤,熟地黄,9.0
补肾养血汤,补骨脂,9.0
补肾养血汤,菟丝子饼,9.0
补肾养血汤,丹参,9.0
补肾养血汤,茺蔚子,9.0
补肾养血汤,枸杞子,4.5
补肾养血汤,当归,6.0
补肾养血汤,杜仲,3.0
补肾养血汤,白芍,3.0
补肾养血汤,山茱萸,3.0
补肾养血汤,肉苁蓉,3.0
补肾养血汤,红花,20.0
补肾养血汤,胡桃仁,12.0
壮筋养血汤,当归,20.0
壮筋养血汤,白芍,20.0
壮筋养血汤,川续断,20.0
壮筋养血汤,杜仲,20.0
壮筋养血汤,生地黄,20.0
壮筋养血汤,川芎,20.0
壮筋养血汤,红花,20.0
壮筋养血汤,牡丹皮,20.0
壮筋养血汤,牛膝,20.0
补肝汤,当归,20.0
补肝汤,白芍,20.0
补肝汤,熟地黄,20.0
补肝汤,甘草,20.0
补肝汤,川芎,20.0
补肝汤,木瓜,20.0
补肝汤,酸枣仁,20.0
羊肝丸,黄连,30.0
羊肝丸,羊肝一具,20.0
当归生姜羊肉汤,当归,90.0
当归生姜羊肉汤,生姜,150.0
当归生姜羊肉汤,羊肉,500.0
安奠二天汤,人参,30.0
安奠二天汤,熟地黄,30.0
安奠二天汤,白术,30.0
安奠二天汤,山药,15.0
安奠二天汤,山茱萸,15.0
安奠二天汤,甘草,3.0
安奠二天汤,杜仲,9.0
安奠二天汤,枸杞子,6.0
安奠二天汤,扁豆,15.0
当归散,当归,500.0
当归散,黄芩,500.0
当归散,芍药,500.0
当归散,川芎,500.0
当归散,白术,250.0
大补元煎,人参,20.0
大补元煎,山药,6.0
大补元煎,熟地黄,20.0
大补元煎,杜仲,6.0
大补元煎,当归,7.5
大补元煎,山茱萸,3.0
大补元煎,枸杞,20.0
大补元煎,甘草,0.0
泰山磐石饮,人参,3.0
泰山磐石饮,黄芪,3.0
泰山磐石饮,当归,3.0
泰山磐石饮,续断,3.0
泰山磐石饮,黄芩,3.0
泰山磐石饮,白术,6.0
泰山磐石饮,川芎,2.4
泰山磐石饮,白芍,2.4
泰山磐石饮,熟地黄,2.4
泰山磐石饮,砂仁,1.5
泰山磐石饮,甘草,1.5
泰山磐石饮,糯米,20.0
乌鸡丸,乌鸡,20.0
乌鸡丸,地黄,20.0
乌鸡丸,当归,20.0
乌鸡丸,人参,20.0
乌鸡丸,鹿角胶,20.0
乌鸡丸,白芍,20.0
乌鸡丸,香附,20.0
乌鸡丸,山药,20.0
乌鸡丸,丹参,20.0
乌鸡丸,鳖甲,20.0
乌鸡丸,天门冬,20.0
乌鸡丸,川芎,20.0
乌鸡丸,芡实,20.0
乌鸡丸,桑螵蛸,20.0
乌鸡丸,煅牡蛎,20.0
乌鸡丸,鹿角霜,20.0
乌鸡丸,黄芪,20.0
乌鸡丸,甘草,20.0
乌鸡丸,银柴胡,20.0
薯蓣丸,薯蓣,9.0
薯蓣丸,当归,3.0
薯蓣丸,桂枝,3.0
薯蓣丸,神曲,3.0
薯蓣丸,干地黄,3.0
薯蓣丸,大豆黄卷,3.0
薯蓣丸,甘草,8.4
薯蓣丸,人参,20.0
薯蓣丸,阿胶,20.0
薯蓣丸,川芎,1.7999999999999998
薯蓣丸,白芍,1.7999999999999998
薯蓣丸,白术,1.7999999999999998
薯蓣丸,麦门冬,1.7999999999999998
薯蓣丸,防风,1.7999999999999998
薯蓣丸,杏仁,1.7999999999999998
薯蓣丸,柴胡,1.5
薯蓣丸,桔梗,1.5
薯蓣丸,茯苓,1.5
薯蓣丸,干姜,0.8999999999999999
薯蓣丸,白蔹,0.6
薯蓣丸,大枣,0.0
首乌延寿丹,何首乌,2160.0
首乌延寿丹,豨莶草,480.0
首乌延寿丹,菟丝子,480.0
首乌延寿丹,杜仲,240.0
首乌延寿丹,牛膝,240.0
首乌延寿丹,女贞子,240.0
首乌延寿丹,霜桑叶,240.0
首乌延寿丹,忍冬藤,120.0
首乌延寿丹,生地黄,120.0
首乌延寿丹,桑椹膏,500.0
首乌延寿丹,黑芝麻膏,500.0
首乌延寿丹,金樱子膏,500.0
首乌延寿丹,旱莲草膏,500.0
圣愈汤,生地黄,0.8999999999999999
圣愈汤,熟地黄,0.8999999999999999
圣愈汤,川芎,0.8999999999999999
圣愈汤,人参,0.8999999999999999
圣愈汤,白芍,1.5
圣愈汤,当归身,1.5
圣愈汤,黄芪,1.5
归脾汤,白术,3.0
归脾汤,当归,3.0
归脾汤,白茯苓,3.0
归脾汤,黄芪,3.0
归脾汤,龙眼肉,3.0
归脾汤,远志,3.0
归脾汤,酸枣仁,3.0
归脾汤,木香,1.5
归脾汤,甘草,0.8999999999999999
归脾汤,人参,3.0
人参养荣汤,黄芪,30.0
人参养荣汤,当归,30.0
人参养荣汤,桂心,30.0
人参养荣汤,甘草,30.0
人参养荣汤,陈皮,30.0
人参养荣汤,白术,30.0
人参养荣汤,人参,30.0
人参养荣汤,白芍药,90.0
人参养荣汤,熟地黄,20.0
人参养荣汤,五味子,20.0
人参养荣汤,茯苓,0.8999999999999999
人参养荣汤,远志,15.0
人参养荣汤,生姜,20.0
人参养荣汤,大枣,20.0
八珍汤,人参,30.0
八珍汤,白术,30.0
八珍汤,白茯苓,30.0
八珍汤,当归,30.0
八珍汤,川芎,30.0
八珍汤,白芍药,30.0
八珍汤,熟地黄,30.0
八珍汤,甘草,30.0
十全大补汤,当归,10.0
十全大补汤,川芎,5.0
十全大补汤,白芍,10.0
十全大补汤,熟地黄,10.0
十全大补汤,人参,10.0
十全大补汤,白术,10.0
十全大补汤,茯苓,10.0
十全大补汤,甘草,5.0
十全大补汤,黄芪,10.0
十全大补汤,肉桂,3.0
四物汤,当归,20.0
四物汤,川芎,20.0
四物汤,白芍,20.0
四物汤,熟地黄,20.0
保真汤,当归,9.0
保真汤,生地黄,9.0
保真汤,白术,9.0
保真汤,黄芪,9.0
保真汤,人参,9.0
保真汤,赤茯苓,4.5
保真汤,陈皮,4.5
保真汤,赤芍药,4.5
保真汤,甘草,4.5
保真汤,白茯苓,4.5
保真汤,厚朴,4.5
保真汤,天门冬,3.0
保真汤,麦门冬,3.0
保真汤,白芍药,3.0
保真汤,知母,3.0
保真汤,黄柏,3.0
保真汤,五味子,3.0
保真汤,柴胡,3.0
保真汤,地骨皮,3.0
保真汤,熟地黄,3.0
三才汤,人参,9.0
三才汤,天门冬,6.0
三才汤,干地黄,15.0
肾气丸,干地黄,240.0
肾气丸,山药和山茱萸,120.0
肾气丸,泽泻,90.0
肾气丸,茯苓,90.0
肾气丸,牡丹皮,90.0
肾气丸,桂枝,30.0
肾气丸,炮附子,30.0
琼玉膏,方一：新罗人参,720.0
琼玉膏,生地黄,20.0
琼玉膏,千克,20.0
琼玉膏,白茯苓,20.0
琼玉膏,k克,20.0
琼玉膏,白沙蜜,20.0
琼玉膏,方二：人参,20.0
琼玉膏,沉香,20.0
琼玉膏,琥珀,20.0
琼玉膏,白砂蜜,20.0
琼玉膏,方三：鲜地黄,20.0
琼玉膏,人参,720.0
琼玉膏,枸杞,20.0
琼玉膏,天门冬,20.0
琼玉膏,麦门冬,20.0
琼玉膏,白蜜,20.0
琼玉膏,白茯芩,20.0
举元煎,人参,12.0
举元煎,黄芪,12.0
举元煎,甘草,4.5
举元煎,升麻,1.7999999999999998
举元煎,白术,4.5
参苓白术散,莲子肉,500.0
参苓白术散,薏苡仁,500.0
参苓白术散,缩砂仁,500.0
参苓白术散,桔梗,500.0
参苓白术散,白扁豆姜汁,250.0
参苓白术散,白茯苓,1000.0
参苓白术散,人参,1000.0
参苓白术散,甘草,1000.0
参苓白术散,白术,1000.0
参苓白术散,山药,1000.0
芪附汤,炮附子,6.0
芪附汤,皮脐,6.0
芪附汤,黄芪盐水,3.0
芪附汤,蜜拌,3.0
调中益气汤,黄芪,3.0
调中益气汤,人参甘草苍术,1.5
调中益气汤,柴胡橘皮升麻,0.6
调中益气汤,木香,0.6
益气聪明汤,黄芪甘草,15.0
益气聪明汤,人参,15.0
益气聪明汤,升麻葛根,9.0
益气聪明汤,蔓荆子,1.5
益气聪明汤,芍药,3.0
益气聪明汤,黄柏酒制,3.0
黄芪甘草汤,黄芪,120.0
黄芪甘草汤,甘草,30.0
升陷汤,生黄芪,18.0
升陷汤,知母,9.0
升陷汤,柴胡,4.5
升陷汤,桔梗,4.5
升陷汤,升麻,3.0
麻子仁丸,子仁,48.0
麻子仁丸,芍药,250.0
麻子仁丸,枳实,250.0
麻子仁丸,皮大黄,500.0
麻子仁丸,厚朴一尺,9.0
麻子仁丸,杏仁,20.0
麻子仁丸,作脂,10.0
麻黄汤,麻黄,20.0
麻黄汤,桂枝,20.0
麻黄汤,杏仁,20.0
麻黄汤,皮尖,6.0
麻黄汤,甘草,20.0
保和丸,山楂,180.0
保和丸,半夏,90.0
保和丸,茯苓,90.0
保和丸,神曲,60.0
保和丸,陈皮,30.0
保和丸,连翘,30.0
保和丸,莱菔子,30.0
清胃散,生地黄,0.8999999999999999
清胃散,当归,0.8999999999999999
清胃散,牡丹皮,1.5
清胃散,黄连,1.7999999999999998
清胃散,夏月倍之,3.0
清胃散,升麻,3.0
麻黄杏仁石膏甘草汤,麻黄,20.0
麻黄杏仁石膏甘草汤,杏仁,20.0
麻黄杏仁石膏甘草汤,皮尖,9.0
麻黄杏仁石膏甘草汤,甘草,20.0
麻黄杏仁石膏甘草汤,石膏,20.0
固冲汤,白术,30.0
固冲汤,生黄芪,18.0
固冲汤,龙骨煅,24.0
固冲汤,牡蛎煅,24.0
固冲汤,山萸肉,24.0
固冲汤,生杭芍,12.0
固冲汤,海螵蛸,12.0
固冲汤,茜草,9.0
固冲汤,棕边炭,6.0
固冲汤,五倍子,20.0
固冲汤,药汁送,5.0
加减葳蕤汤,生葳蕤,15.0
加减葳蕤汤,生葱白,20.0
加减葳蕤汤,桔梗,1.5
加减葳蕤汤,东白薇,4.5
加减葳蕤汤,淡豆豉,21.0
加减葳蕤汤,苏薄荷,1.5
加减葳蕤汤,甘草,1.5
加减葳蕤汤,红枣,20.0
健脾丸,白术,30.0
健脾丸,木香另,10.5
健脾丸,黄连酒,10.5
健脾丸,甘草,10.5
健脾丸,白茯苓,60.0
健脾丸,人参,15.0
健脾丸,神曲,30.0
健脾丸,陈皮,30.0
健脾丸,砂仁,30.0
健脾丸,麦芽,30.0
健脾丸,山楂,30.0
健脾丸,山药,30.0
健脾丸,肉豆蔻,30.0
健脾丸,煨热,30.0
健脾丸,纸包捶,30.0
半夏泻心汤,半夏,20.0
半夏泻心汤,黄芩,90.0
半夏泻心汤,干姜,90.0
半夏泻心汤,人参,90.0
半夏泻心汤,黄连,30.0
半夏泻心汤,大枣,20.0
半夏泻心汤,甘草,20.0
牡蛎散,黄芪,30.0
牡蛎散,苗土,30.0
牡蛎散,煅牡蛎米泔,30.0
牡蛎散,土后火烧通赤,30.0
牡蛎散,麻黄根,30.0
清暑益气汤,西洋参,6.0
清暑益气汤,石斛,15.0
清暑益气汤,麦冬,9.0
清暑益气汤,黄连,3.0
清暑益气汤,竹叶,6.0
清暑益气汤,荷梗,15.0
清暑益气汤,知母,6.0
清暑益气汤,甘草,3.0
清暑益气汤,粳米,15.0
清暑益气汤,西瓜翠衣,30.0
苓甘五味姜辛汤,茯苓,120.0
苓甘五味姜辛汤,甘草,90.0
苓甘五味姜辛汤,干姜,90.0
苓甘五味姜辛汤,五味子,12.0
理中丸,人参,90.0
理中丸,干姜,90.0
理中丸,甘草,90.0
理中丸,白术,90.0
清营汤,犀角,20.0
清营汤,生地黄,15.0
清营汤,玄参,9.0
清营汤,竹叶心,3.0
清营汤,麦冬,9.0
清营汤,丹参,6.0
清营汤,黄连,4.5
清营汤,银花,9.0
清营汤,连翘,20.0
清营汤,连心,6.0
龙胆泻肝汤,龙胆草,6.0
龙胆泻肝汤,黄芩,9.0
龙胆泻肝汤,栀子,9.0
龙胆泻肝汤,泽泻,12.0
龙胆泻肝汤,木通,6.0
龙胆泻肝汤,车前子,9.0
龙胆泻肝汤,当归,3.0
龙胆泻肝汤,柴胡,6.0
龙胆泻肝汤,生地黄,9.0
龙胆泻肝汤,生甘草,6.0
大黄附子汤,大黄,90.0
大黄附子汤,附子,20.0
瓜蒌薤白白酒汤,瓜蒌实,5.0
瓜蒌薤白白酒汤,薤白,12.0
瓜蒌薤白白酒汤,白酒,168.0
柴胡疏肝散,陈皮醋,6.0
柴胡疏肝散,柴胡,6.0
柴胡疏肝散,川芎,1.5
柴胡疏肝散,香附,1.5
柴胡疏肝散,枳壳麸,1.5
柴胡疏肝散,芍药,1.5
柴胡疏肝散,甘草,1.5
生化汤,全当归,24.0
生化汤,川芎,9.0
生化汤,桃仁,70.0
生化汤,皮尖,70.0
生化汤,干姜炮黑,1.5
生化汤,甘草,1.5
桑菊饮,桑叶,7.5
桑菊饮,菊花,3.0
桑菊饮,杏仁,6.0
桑菊饮,桔梗,6.0
桑菊饮,甘草生,2.4
桑菊饮,薄荷,2.4
桑菊饮,连翘,4.5
桑菊饮,苇根,6.0
六一散,滑石,180.0
六一散,甘草,30.0
独活寄生汤,独活,90.0
独活寄生汤,桑寄生,60.0
独活寄生汤,杜仲,60.0
独活寄生汤,牛膝,60.0
独活寄生汤,秦艽,60.0
独活寄生汤,茯苓,60.0
独活寄生汤,肉桂心,60.0
独活寄生汤,防风,60.0
独活寄生汤,川芎,60.0
独活寄生汤,人参,60.0
独活寄生汤,甘草,60.0
独活寄生汤,当归,60.0
独活寄生汤,芍药,60.0
独活寄生汤,干地黄,60.0
当归四逆汤,当归,90.0
当归四逆汤,桂枝,20.0
当归四逆汤,芍药,90.0
当归四逆汤,甘草,20.0
当归四逆汤,通草,60.0
当归四逆汤,大枣,20.0
三仁汤,杏仁,15.0
三仁汤,飞滑石,18.0
三仁汤,白通草,6.0
三仁汤,白蔻仁,6.0
三仁汤,竹叶,6.0
三仁汤,厚朴,6.0
三仁汤,生薏苡仁,18.0
三仁汤,半夏,15.0
平胃散,苍术,120.0
平胃散,厚朴,90.0
平胃散,陈橘皮,60.0
平胃散,甘草,30.0
补阳还五汤,黄芪生,120.0
补阳还五汤,当归尾,6.0
补阳还五汤,赤芍,1.5
补阳还五汤,地龙,3.0
补阳还五汤,川芎,3.0
补阳还五汤,桃仁,3.0
补阳还五汤,红花,3.0
藿香正气散,大腹皮,30.0
藿香正气散,白芷,30.0
藿香正气散,紫苏,30.0
藿香正气散,茯苓,30.0
藿香正气散,半夏曲,60.0
藿香正气散,白术,60.0
藿香正气散,陈皮,60.0
藿香正气散,厚朴,60.0
藿香正气散,粗皮,60.0
藿香正气散,姜汁,60.0
藿香正气散,苦桔梗,60.0
藿香正气散,藿香,90.0
藿香正气散,甘草,30.0
大定风珠,生白芍,18.0
大定风珠,阿胶,9.0
大定风珠,生龟甲,12.0
大定风珠,干地黄,18.0
大定风珠,麻仁,6.0
大定风珠,五味子,6.0
大定风珠,生牡蛎,12.0
大定风珠,麦冬连心,18.0
大定风珠,甘草,12.0
大定风珠,鸡子黄生,10.0
大定风珠,鳖甲生,12.0
黄龙汤,大黄,20.0
黄龙汤,芒硝,20.0
黄龙汤,枳实,20.0
黄龙汤,厚朴,20.0
黄龙汤,甘草,20.0
黄龙汤,人参,20.0
黄龙汤,当归,20.0
葛根芩连汤,葛根,250.0
葛根芩连汤,甘草,60.0
葛根芩连汤,黄芩,90.0
葛根芩连汤,黄连,90.0
二陈汤,半夏汤,20.0
二陈汤,橘红,150.0
二陈汤,白茯苓,90.0
二陈汤,甘草,15.0
青蒿鳖甲汤,青蒿,6.0
青蒿鳖甲汤,鳖甲,15.0
青蒿鳖甲汤,生地,12.0
青蒿鳖甲汤,知母,6.0
青蒿鳖甲汤,丹皮,9.0
导赤散,生地黄,30.0
导赤散,木通,30.0
导赤散,生甘草梢,30.0
防己黄芪汤,防己,30.0
防己黄芪汤,黄芪,30.3
防己黄芪汤,甘草,15.0
防己黄芪汤,白术,10.5
凉膈散,川大黄,600.0
凉膈散,朴硝,600.0
凉膈散,甘草,600.0
凉膈散,山栀子仁,300.0
凉膈散,薄荷,300.0
凉膈散,黄芩,300.0
凉膈散,连翘,500.0
黄连解毒汤,黄连,90.0
黄连解毒汤,黄芩,60.0
黄连解毒汤,黄柏,60.0
黄连解毒汤,栀子,70.0
九味羌活汤,羌活,15.0
九味羌活汤,防风,15.0
九味羌活汤,苍术,15.0
九味羌活汤,川芎,30.0
九味羌活汤,白芷,30.0
九味羌活汤,生地黄,30.0
九味羌活汤,黄芩,30.0
九味羌活汤,甘草,30.0
半夏白术天麻汤,半夏,4.5
半夏白术天麻汤,天麻,3.0
半夏白术天麻汤,茯苓,3.0
半夏白术天麻汤,橘红,3.0
半夏白术天麻汤,白术,9.0
半夏白术天麻汤,甘草,1.5
百合固金汤,熟地黄,9.0
百合固金汤,生地黄,9.0
百合固金汤,当归身,9.0
百合固金汤,白芍,6.0
百合固金汤,甘草,3.0
百合固金汤,桔梗,2.4
百合固金汤,玄参,2.4
百合固金汤,贝母,1.5
百合固金汤,麦冬,1.5
安宫牛黄丸,牛黄,30.0
安宫牛黄丸,郁金,30.0
安宫牛黄丸,犀角,30.0
安宫牛黄丸,黄连,30.0
安宫牛黄丸,黄芩,30.0
安宫牛黄丸,山栀,30.0
安宫牛黄丸,朱砂,30.0
安宫牛黄丸,雄黄,30.0
安宫牛黄丸,梅片,7.5
安宫牛黄丸,麝香,7.5
安宫牛黄丸,珍珠,15.0
安宫牛黄丸,金箔衣,20.0
八正散,车前子,500.0
八正散,瞿麦,500.0
八正散,扁蓄,500.0
八正散,滑石,500.0
八正散,山栀子仁,500.0
八正散,甘草,500.0
八正散,木通,500.0
八正散,大黄面,500.0
十枣汤,芫花,20.0
十枣汤,甘遂,20.0
十枣汤,大戟,20.0
十灰散,大蓟,20.0
十灰散,小蓟,20.0
十灰散,荷叶,20.0
十灰散,侧柏叶,20.0
十灰散,茅根,20.0
十灰散,茜根,20.0
十灰散,山栀,20.0
十灰散,大黄,20.0
十灰散,牡丹皮,20.0
十灰散,棕榈皮,20.0
苏子降气汤,紫苏子,75.0
苏子降气汤,半夏,75.0
苏子降气汤,川当归,45.0
苏子降气汤,甘草,60.0
苏子降气汤,前胡,30.0
苏子降气汤,厚朴,30.0
苏子降气汤,姜汁,30.0
苏子降气汤,肉桂,15.0
苏合香丸,苏合香,20.0
苏合香丸,龙脑,20.0
苏合香丸,麝香,20.0
苏合香丸,安息香,20.0
苏合香丸,青木香,20.0
苏合香丸,香附,20.0
苏合香丸,白檀香,20.0
苏合香丸,丁香,20.0
苏合香丸,沉香,20.0
苏合香丸,荜茇,20.0
苏合香丸,熏陆,20.0
苏合香丸,白术,20.0
苏合香丸,诃黎勒,20.0
苏合香丸,乌犀屑,20.0
苏合香丸,水牛角,20.0
四逆散,甘草,3.0
四逆散,柴胡,3.0
四逆散,芍药,3.0
犀角地黄汤,犀角,20.0
犀角地黄汤,生地黄,240.0
犀角地黄汤,芍药,90.0
犀角地黄汤,牡丹皮,60.0
天王补心丹,生地黄,120.0
天王补心丹,人参,15.0
天王补心丹,丹参,15.0
天王补心丹,玄参,15.0
天王补心丹,白茯苓,15.0
天王补心丹,远志,15.0
天王补心丹,桔梗,15.0
天王补心丹,五味子,30.0
天王补心丹,当归,30.0
天王补心丹,天门冬,30.0
天王补心丹,麦门冬,30.0
天王补心丹,柏子仁,30.0
天王补心丹,酸枣仁,30.0
天麻钩藤饮,天麻,20.0
天麻钩藤饮,钩藤,20.0
天麻钩藤饮,石决明,20.0
天麻钩藤饮,栀子,20.0
天麻钩藤饮,黄芩,20.0
天麻钩藤饮,川牛膝,20.0
天麻钩藤饮,杜仲,20.0
天麻钩藤饮,益母革,20.0
天麻钩藤饮,桑寄生,20.0
天麻钩藤饮,夜交藤,20.0
天麻钩藤饮,朱茯神,20.0
五苓散,猪苓,9.0
五苓散,泽泻,33.0
五苓散,白术,9.0
五苓散,茯苓,9.0
五苓散,桂枝,15.0
 仙方活命饮,白芷,3.0
 仙方活命饮,贝母,3.0
 仙方活命饮,防风,3.0
 仙方活命饮,赤芍,3.0
 仙方活命饮,当归,3.0
 仙方活命饮,甘草,3.0
 仙方活命饮,皂角,3.0
 仙方活命饮,穿山甲,3.0
 仙方活命饮,天花粉,3.0
 仙方活命饮,金银花,9.0
 仙方活命饮,陈皮,9.0
